dataset_id;intitule;definition;type_donnees;operation;methode;observations;description
abavtn;;;;;;;Ce jeu de données présente des informations sur la répartition des parcelles exploitées par les ménages agricoles. L’information est ventilée par région et par culture. Les données sur base annuelle sont disponibles de 2017 à 2022. Les valeurs sont compilées à partir des données collectées de l’Enquête Agricole Annuelle. L’enquête agricole est une opération statistique annuelle dont l’objectif général est d’estimer le niveau des principales productions agricoles des exploitations agricoles de type familial. Elle permet également de fournir des informations sur des caractéristiques physiques des parcelles cultivées (géo localisation, superficie) et des investissements majeurs réalisés à leur niveau (intrants agricoles, opérations culturales, gestion et restauration des sols). L’EAA suit une approche modulaire qui lui permet de prendre en compte des dimensions économiques et environnementales des exploitations agricoles (niveau d’équipement agricole, revenu agricole, risques agricoles et stratégies d’adaptation, etc.) selon un plan rotatif pluriannuel. Pour en savoir plus sur les métadonnées.
abzmmnc;;;;;;;La Banque de Données des Indicateurs Sociaux (BADIS) constitue un instrument important dans le dispositif actuel du système d’informations statistiques du pays. C’est l’un des rares outils, pour ne pas dire le seul, à disposer de données de sources administratives permettant une analyse longitudinale sur différents secteurs tels que : - l’éducation, - la santé, - la population, - les prix, - l’agriculture, - la dette extérieure, - l’emploi, - le cadre de vie (électricité, eau, téléphone, logement), - les comptes nationaux. Elle est composée pour l’essentiel d’un ensemble d’indicateurs économiques et sociaux qui couvrent une période de plus de vingt ans. En effet, les informations sont disponibles dans la plupart des cas depuis 1970. Elle comporte plus de 2000 séries chronologiques réparties dans les différents thèmes évoqués. Avec le Tableau de Bord de la Situation sociale du Sénégal (TBSS), ils forment les principaux éléments du système d’information sur lequel repose l’observatoire complet que l’ANSD en collaboration avec les partenaires au développement envisage de mettre en place. Cet observatoire intégrerait et harmoniserait différentes sources de données à la pauvreté, aux conditions de vie des ménages et au développement humain. Elle est complétée par des métadonnées correspondant en quelque sorte à un recueil des fiches explicatives des différents indicateurs présentés dans la BADIS.
afqzmgd;;;;;;;
agbraae;;;;;;;La Banque de Données des Indicateurs Sociaux (BADIS) constitue un instrument important dans le dispositif actuel du système d’informations statistiques du pays. C’est l’un des rares outils, pour ne pas dire le seul, à disposer de données de sources administratives permettant une analyse longitudinale sur différents secteurs tels que : - l’éducation, - la santé, - la population, - les prix, - l’agriculture, - la dette extérieure, - l’emploi, - le cadre de vie (électricité, eau, téléphone, logement), - les comptes nationaux. Elle est composée pour l’essentiel d’un ensemble d’indicateurs économiques et sociaux qui couvrent une période de plus de vingt ans. En effet, les informations sont disponibles dans la plupart des cas depuis 1970. Elle comporte plus de 2000 séries chronologiques réparties dans les différents thèmes évoqués. Avec le Tableau de Bord de la Situation sociale du Sénégal (TBSS), ils forment les principaux éléments du système d’information sur lequel repose l’observatoire complet que l’ANSD en collaboration avec les partenaires au développement envisage de mettre en place. Cet observatoire intégrerait et harmoniserait différentes sources de données à la pauvreté, aux conditions de vie des ménages et au développement humain. Elle est complétée par des métadonnées correspondant en quelque sorte à un recueil des fiches explicatives des différents indicateurs présentés dans la BADIS.
ahjjzgc;;;;;;;
ahrgyqb;;;;;;;
akchymb;Quantité de CO2 évitées et séquestrée au niveau national;Les données fournies indiquent deux mesures importantes concernant la gestion des émissions de CO2 au niveau national : Quantité de CO2 évitée au niveau national (en tonnes) : Quantité de CO2 séquestrée au niveau national (en tonnes);Source administrative;Collecte administrative routinière;Les données fournies indiquent deux mesures importantes concernant la gestion des émissions de CO2 au niveau national : Quantité de CO2 évitée au niveau national (en tonnes) : Cette mesure représente le volume de dioxyde de carbone qui n'a pas été émis grâce à diverses initiatives et politiques mises en place pour réduire les émissions de gaz à effet de serre. Ces initiatives peuvent inclure des programmes d'efficacité énergétique, l'utilisation accrue de sources d'énergie renouvelables, des réglementations environnementales strictes, et des pratiques de gestion durable dans divers secteurs économiques. Quantité de CO2 séquestrée au niveau national (en tonnes) : Cette mesure indique le volume de dioxyde de carbone qui a été capturé et stocké, empêchant ainsi son retour dans l'atmosphère. La séquestration du CO2 peut se faire par des méthodes naturelles, comme la reforestation et la restauration des sols, ainsi que par des technologies artificielles, comme la capture et le stockage du carbone (CSC);;
amhcofc;;;;;;;C’est la répartition de la population carcérale à la date T selon la nationalité (sénégalaise et étrangère). Elle comprend toutes les catégories pénales sénégalaise et étrangère : condamnés (hommes, femmes, mineurs) et détenus provisoires ( hommes, femmes et mineurs). Sources : rapport d’activités et statistiques de la Direction de l’Administration pénitentiaire.
amkfcsb;;;;;;;Le transport aérien : Il relate transport aérien suivant les mouvements d'aéronefs, le nombre de passagers et le volume du fret. Ils sont produits mensuellement par l'Agence des Aéroports du Sénégal.
amkzokg;;;;;;;Répartition du parc automobile
arpvcbc;;;;;;;
asongtc;Pourcentage de ménages selon leur principale source d'éclairage;Cet indicateur mesure la proportion de ménages ayant accès à l'électricité;Enquête;Enquête démographiques et de Santé (EDS);La réponse à la question si le ménage a accès à l'électricité;La série est obtenue principalement à partir des données EDS (2016, 2017, 2019, 2020 et 2023). Elle est complétée par l'enquête harmonisée sur les conditions de vie des ménages (2018 et 2021) et les recensement de 2002 et 2013. L'approche adopté dans l'enquête EDS est une déclaration directe d'accès à l'électricité par le ménage. Par contre, pour l'enquête harmonisée sur les conditions de vie des ménages (EHCVM) et le recensement, la déclaration est encadré par des modalités relatives aux sources d'électrification (Electricité, réseau, Plaque solaire, etc.);
ausjvkg;;;;;;;Ces données incluent les dépenses de l'Etat sur l'éducation nationale, l'enseignement supérieur et la formation professionnelle.
axqklc;;;;;;;Ce jeu de données présente des informations relatives au sexe et l'âge des membres du ménage selon la région. L’information est ventilée par région. Les données sur base annuelle sont disponibles de 2017 à 2024. Les valeurs sont compilées à partir des données collectées de l’Enquête Agricole Annuelle. L’enquête agricole est une opération statistique annuelle dont l’objectif général est d’estimer le niveau des principales productions agricoles des exploitations agricoles de type familial. Elle permet également de fournir des informations sur des caractéristiques physiques des parcelles cultivées (géo localisation, superficie) et des investissements majeurs réalisés à leur niveau (intrants agricoles, opérations culturales, gestion et restauration des sols). L’EAA suit une approche modulaire qui lui permet de prendre en compte des dimensions économiques et environnementales des exploitations agricoles (niveau d’équipement agricole, revenu agricole, risques agricoles et stratégies d’adaptation, etc.) selon un plan rotatif pluriannuel. Pour en savoir plus sur les métadonnées.
ayhgpje;;;;;;;
aykimoe;;;;;;;Ces données de projection sont issues du Recensement général de la population, de l'habitat, de l'agriculture et de l'élevage (RGPHAE-2013)
azhkxrg;Prévalence des maladies;Prévalence des maladies : La prévalence de la maladie est la proportion de personnes atteintes d'une maladie spécifique au sein de la population étudiée à une date donnée ou pendant une période déterminée. Elle mesure la fréquence globale de cette maladie dans la population atteinte d'une maladie ou d'un groupe de maladies spécifiques à un moment donné. - Nombre de cas de maladie : Le nombre de cas de maladie correspond au nombre total de cas d'une maladie spécifique enregistrés au sein des structures sanitaires au cours d'une année civile;Enquête et Sources administratives;Enquêtes Démographiques et de Santé Continue EDS-C 2016-2019, et EDS-Continue 2023 Collecte continue des données de morbidité à travers le SNIS/DHIS2, fondée sur la notification des cas par les structures de santé;La prévalence est calculée en divisant le nombre total de cas de [maladie X] identifiés dans la population au moment de l'enquête ou de la période de référence, par la population totale (ou la population à risque) au même moment, puis en multipliant par 100 - Nombre de cas : dénombrement;;
bagghce;;;;;;;Résultats des examens au CFEE, BFEM et BAC mais aussi la formation professionnelle (BEP, BP, BT, BTS et CAP)
bdqbsrd;Recettes publiques;Les recettes publiques représentent les revenus collectés par les administrations publiques pour financer leurs activités et leurs dépenses. - Les dépenses publiques sont constituées de la rémunération des salariés, de l’utilisation de biens et services des Intérêts versés pour la dette, des subventions des dons des prestations sociales,les autres charges ainsi que les dépenses d’investissement;Source administrative;Enregistrements Direction générale du Budget (DGB);;;
bdubwzf;;;;;;;
beelsfd;Taux d'intérêt;Taux directeur – guichet de prêt marginal : Il s'agit du taux appliqué par la BCEAO aux rachats définitifs de titres auprès des banques, pour des échéances de 10 à 360 jours. Ce mécanisme d'escompte constitue une facilité de refinancement permanente de la Banque Centrale des Etats de l'Afrique de l'Ouest (BCEAO), accessible en permanence aux banques, sous réserve du respect des règles d'intervention de la BCEAO. - Taux directeur – taux minimum de soumission : Il s’agit du taux appliqué par la BCEAO aux achats temporaires de titres auprès des banques et des États de l’Union pour une durée renouvelable maximale de 30 jours. Ce mécanisme de pension constitue un mécanisme permanent de refinancement de la BCEAO et est donc disponible en permanence, sous réserve du respect des règles de la BCEAO. - Taux du marché monétaire de la BCEAO : ce taux d’intérêt est issu des adjudications d’injection de liquidités. Il correspond au taux marginal des invitations à soumettre des offres à taux multiples, ou au taux annoncé à l’avance par la BCEAO. - Taux du marché interbancaire : Il s’agit de la moyenne (pondérée par le volume des transactions) des taux d’intérêt sur différents segments du marché interbancaire. - Taux débiteurs/créditeurs bancaires : Il s’agit des taux préférentiels des banques de l’Union, dont la publication est obligatoire depuis le 1er octobre 1993;Source administrative;Fixé par la Banque Centrale des Etats de l'Afrique de l'Ouest (BCEAO);Fixé par la Banque Centrale des Etats de l'Afrique de l'Ouest (BCEAO);;
bkcoat;;;;;;;
blhwogb;;;;;;;Projections démographiques du RGPHAE de quelques indicateurs
bpdgyuf;;;;;;;lycées et collèges équipés en matériels scientifiques et technologiques
brbsfyd;;;;;;;
brwhpd;;;;;;;
bwvxul;;;;;;;
bzoyiaf;;;;;;;Cette table présente des informations relatives aux effectifs et à l’utilisation de la main d’œuvre agricole selon la région. En plus du niveau national, l’information est ventilée par région. Les données sur base annuelle sont disponibles pour l’année 2021. Les valeurs sont compilées à partir des données collectées de l’Enquête Agricole Annuelle. L’enquête agricole est une opération statistique annuelle dont l’objectif général est d’estimer le niveau des principales productions agricoles des exploitations agricoles de type familial. Elle permet également de fournir des informations sur des caractéristiques physiques des parcelles cultivées (géo localisation, superficie) et des investissements majeurs réalisés à leur niveau (intrants agricoles, opérations culturales, gestion et restauration des sols). L’EAA suit une approche modulaire qui lui permet de prendre en compte des dimensions économiques et environnementales des exploitations agricoles (niveau d’équipement agricole, revenu agricole, risques agricoles et stratégies d’adaptation, etc.) selon un plan rotatif pluriannuel. Pour en savoir plus sur les métadonnées.
caekmpd;Prévalence du surpoids chez les enfants de moins de cinq ans;La prévalence du surpoids chez les enfants de moins de cinq ans est la proportion d’enfants âgés de 0 à 59 mois dont le poids est supérieur à la norme par rapport à leur taille, selon les standards de croissance de l’Organisation mondiale de la Santé (OMS). Un enfant de moins de cinq ans est considéré comme en surpoids lorsque son indice poids-pour-taille (P/T) est supérieur à +2 écarts-types (ET) par rapport à la médiane de la population de réferance;Enquête;Enquêtes Démographiques et de Santé Continue EDS-C 2016-2019, et EDS-Continue 2023;Calculé en divisant le nombre d’enfants âgés de 0 à 59 mois présentant un surpoids (poids-pour-taille supérieur à +2ET par le nombre total d’enfants âgés de 0 à 59 mois mesurés, puis en multipliant le résultat par 100;;
cdykdyb;;;;;;;Données issues des annuaires statistiques sanitaires du Sénégal. Direction de la Planification, de la Recherche et des Statistiques
cdyozhc;;;;;;;
cfulhc;;;;;;;Le taux de pénétration de la téléphonie mobile est obtenu en divisant le parc de lignes de téléphonie mobile par la population du Sénégal estimée à 17.738.795 habitants en 2022 (source : ANSD).
cgritpc;;;;;;;Evolution des accidents de travail et maladies professionnelles dans les agences de la Caisse de Sécurité sociale.
chnqiuf;;;;;;;Cette base présente la production par branche d'activité. (série des comptes nationaux 1980-2014). Jusqu’en 2014, le Sénégal publiait des comptes nationaux de base 1999, suivant le Système de Comptabilité Nationale de 1993 (SCN93). 2014 est la nouvelle année de base des comptes nationaux.
cimkorc;Masse monétaire;La masse monétaire regroupe l’ensemble des moyens de paiement détenus par les agents économiques (ménages, entreprises, institutions) qui peuvent être utilisés immédiatement ou à court terme pour régler des transactions. Elle inclut : - M1 : la monnaie fiduciaire (billets et pièces en circulation) et la monnaie scripturale (dépôts à vue transférables). - M2 : M1 + les dépôts d’épargne et à terme, ainsi que certains comptes rémunérés;Source administrative;Compilation des données de l'ensemble des unités institutionnelles composant le système bancaire de l'UMOA et d'une partie des entités de l'Administration Publique Centrale (APUC);Sommation;;
cirzjwg;;;;;;;La nouvelle base de l'IHPC est de 2014 (voir la nouvelle série). I. Définition L’IHPC mesure l’évolution dans le temps et dans l’espace des prix des biens et services utilisés, acquis ou payés par la population pour sa consommation. C'est un indice de LASPEYRES. II. Champ La population de référence retenue pour l’élaboration de l’IHPC est l’ensemble des ménages africains de l’agglomération de Dakar. Sont exclus du champ de l’indice, les ménages non africains et les ménages africains expatriés dont un membre occupe un emploi dans un organisme international. Les biens et services retenus dans le panier sont ceux acquis (y compris les produits importés) payés ou utilisés par la population de référence à des fins uniquement de consommation. Ces biens sont répartis entre les douze fonctions suivantes : (01) Produits alimentaires, boissons non alcoolisées - (02) Boissons alcoolisées, tabacs et stupéfiants - (03) Articles d’habillement et chaussures - (04) Logement, eau, électricité, gaz et autres combustibles - (05) Meubles, articles de ménage et entretien courant de la maison - (06) Santé - (07) Transports - (08) Communication - (09) Loisirs et culture - (10) Enseignements - (11) Restaurant et hôtels - (12) Biens et services divers. III. Nomenclature La nomenclature des biens et services, retenue pour l’élaboration de l’indice national des prix à la consommation, est dérivée de la nomenclature COICOP à 12 fonctions, qui est structurée de façon emboîtée en fonctions, groupes, sous-groupes, postes, variétés et séries. Un poste regroupe l’ensemble des produits (variétés) similaires satisfaisant le même besoin. 143 postes seront retenus selon le découpage issu de la nomenclature COICOP12. Les produits retenus pour représenter le poste constituent les variétés. Il y a deux types de variétés, à savoir les variétés homogènes et les variétés hétérogènes. Les variétés homogènes sont telles que les biens et services couverts par la définition diffèrent très peu les uns des autres. Il s’agit principalement d’un ensemble de produits non manufacturés observés sur les marchés. Pour les variétés hétérogènes, les biens et services couverts par la définition de la variété diffèrent sensiblement ou sont disparates. Il s’agit souvent des produits manufacturés présentés dans des emballages industriels ou des services. Pour une variété donnée, une série est définie par le couple variété et point de vente. Les 12 fonctions sont subdivisées en 45 groupes contenant 97 sous-groupes. Les sous-groupes sont constitués de 143 postes.
ckjnibg;;;;;;;
clfrfxg;;;;;;;
clnhbsd;Nombre d'homicides;L'homicide est l'action de causer la mort d'une personne. Il se divise en deux catégories principales : l'homicide volontaire (commis avec l'intention de tuer, comme le meurtre) et l'homicide involontaire (causé par maladresse ou négligence, sans intention de donner la mort);Source administrative;Enregistrements des instances de la justice;Nombre total d'homicides enregistrés dans l'année;;
cmpqbvf;;;;;;;
cnvmlvc;;;;;;;"Les taux d'occupation permettent de déterminer le niveau de remplissage des véhicules sur la base d’un pourcentage (0%, 25%, 50%, 75%, 100%) pour les bus et autocars; et du nombre d'occupants pour les autres véhicules."
coptvsg;;;;;;;Ces statistiques concernent les transactions internationales de marchandises du Sénégal avec le reste du monde, chaque mois. Le document présente l'évolution et la structure des exportations et des importations des principaux produits échangés, l'orientation géographique des échanges ainsi que la balance commerciale par pays partenaire. Les données publiées concernent le mois sous revue de l’année n, les trois mois qui le précédent, ainsi que le mois correspondant de l’année n-1.
cvmvpxg;;;;;;;
deeodnb;;;;;;;Indicateurs issus des rapports des enquêtes sur l'emploi auprès des ménages, des rapports de IPRES/FNR et CSS
deuqmkd;;;;;;;Ce jeu de données présente les informations sur les caractéristiques sociodémographiques des membres de ménages agricoles. L’information est ventilée par région, par sexe et par classe d’âge des membres. Les données sur base annuelle sont disponibles de 2017 à 2024. Les valeurs sont compilées à partir des données collectées de l’Enquête Agricole Annuelle (EAA). L’enquête agricole est une opération statistique annuelle dont l’objectif général est d’estimer le niveau des principales productions agricoles des exploitations agricoles de type familial. Elle permet également de fournir des informations sur des caractéristiques physiques des parcelles cultivées (géo localisation, superficie) et les investissements majeurs réalisés à leur niveau (intrants agricoles, opérations culturales, gestion et restauration des sols). L’EAA suit une approche modulaire qui lui permet de prendre en compte des dimensions économiques et environnementales des exploitations agricoles (niveau d’équipement agricole, revenu agricole, risques agricoles et stratégies d’adaptation, etc.) selon un plan rotatif pluriannuel. Pour en savoir plus sur les métadonnées.
dguabcd;;;;;;;
dgxqpmc;;;;;;;La Banque de Données des Indicateurs Sociaux (BADIS) constitue un instrument important dans le dispositif actuel du système d’informations statistiques du pays. C’est l’un des rares outils, pour ne pas dire le seul, à disposer de données de sources administratives permettant une analyse longitudinale sur différents secteurs tels que : - l’éducation, - la santé, - la population, - les prix, - l’agriculture, - la dette extérieure, - l’emploi, - le cadre de vie (électricité, eau, téléphone, logement), - les comptes nationaux. Elle est composée pour l’essentiel d’un ensemble d’indicateurs économiques et sociaux qui couvrent une période de plus de vingt ans. En effet, les informations sont disponibles dans la plupart des cas depuis 1970. Elle comporte plus de 2000 séries chronologiques réparties dans les différents thèmes évoqués. Avec le Tableau de Bord de la Situation sociale du Sénégal (TBSS), ils forment les principaux éléments du système d’information sur lequel repose l’observatoire complet que l’ANSD en collaboration avec les partenaires au développement envisage de mettre en place. Cet observatoire intégrerait et harmoniserait différentes sources de données à la pauvreté, aux conditions de vie des ménages et au développement humain. Elle est complétée par des métadonnées correspondant en quelque sorte à un recueil des fiches explicatives des différents indicateurs présentés dans la BADIS.
dhmipae;;;;;;;
dipofde;;;;;;;Données issues des Annuaires des statistiques de Santé publiés par le Ministère de la Santé et de l'Action sociale (MSAS).
diuqvmd;;;;;;;Taux d'homicide volontaire et involontaire en pourcentage
djschhc;;;;;;;Femmes atteintes d'anémie Pourcentage de femmes de 15-49 ans considérées comme étant atteintes d'anémie (<12.0 g/dl pour les femmes non enceintes <11.0 g/dl pour les femmes enceintes) Femmes atteintes d'anémie légère Pourcentage de femmes de 15-49 ans considérées comme étant atteintes d'anémie légère (11,0-11,9 g/dl pour les femmes non enceintes 10,0-10,9 g/dl pour les femmes enceintes) Femmes atteintes d'anémie modérée Pourcentage de femmes de 15-49 ans considérées comme étant atteintes d'anémie modérée (8,0-10,9 g/dl pour les femmes non enceintes 7,0-9,9 g/dl pour les femmes enceintes) Femmes atteintes d'anémie sévère Pourcentage de femmes de 15-49 ans considérées comme étant atteintes d'anémie modérée (<8,0 g/dl pour les femmes non enceintes <7,0 g/dl pour les femmes enceintes) Hommes atteints d'anémie Pourcentage d'hommes considérés comme étant atteint d'anémie
dlppkjg;;;;;;;Répartition de la population carcérale par catégorie
dnfzlsc;Activités extractives (hydrocarbures);La quantité et la valeur des matières premières (hydrocarbures) extraites présentées en unités physiques et/ou en valeur;Source administrative;Rapport annuel;;;
duhxdtd;;;;;;;Exportation des produits de la pêches groupe d'espèces et par type de produits transformés
dvjezcf;;;;;;;
dwehszb;;;;;;;La Banque de Données des Indicateurs Sociaux (BADIS) constitue un instrument important dans le dispositif actuel du système d’informations statistiques du pays. C’est l’un des rares outils, pour ne pas dire le seul, à disposer de données de sources administratives permettant une analyse longitudinale sur différents secteurs tels que : - l’éducation, - la santé, - la population, - les prix, - l’agriculture, - la dette extérieure, - l’emploi, - le cadre de vie (électricité, eau, téléphone, logement), - les comptes nationaux. Elle est composée pour l’essentiel d’un ensemble d’indicateurs économiques et sociaux qui couvrent une période de plus de vingt ans. En effet, les informations sont disponibles dans la plupart des cas depuis 1970. Elle comporte plus de 2000 séries chronologiques réparties dans les différents thèmes évoqués. Avec le Tableau de Bord de la Situation sociale du Sénégal (TBSS), ils forment les principaux éléments du système d’information sur lequel repose l’observatoire complet que l’ANSD en collaboration avec les partenaires au développement envisage de mettre en place. Cet observatoire intégrerait et harmoniserait différentes sources de données à la pauvreté, aux conditions de vie des ménages et au développement humain. Elle est complétée par des métadonnées correspondant en quelque sorte à un recueil des fiches explicatives des différents indicateurs présentés dans la BADIS.
dwfptae;;;;;;;
dwibrlf;Taux de chômage;Il évalue le poids en pourcentage des chômeurs dans la population active (main-d’œuvre). Il indique le pourcentage de la main-d’œuvre qui n’a pas d’emploi et disponible pour travailler et cherche activement du travail;Enquête;Enquête nationale sur l'emploi au Sénégal (ENES);Taux de chômage= chômeurs/(population active)*100 Au sens du Bureau international du Travail (BIT), les chômeurs comprennent toutes les personnes en âge de travailler qui, au cours des sept (07) derniers jours, ont été sans emploi, disponibles pour travailler dans une période de deux (02) semaines et ont recherché un travail sur la période des quatre (04) semaines ayant précédé la date de collecte. Toutefois, cette définition s’avère restrictive pour le Sénégal eu égard au marché du travail qui est peu structuré pour la recherche de travail. A cet effet, les personnes sans emploi, qui sont disponibles, mais ne recherchent pas un emploi pour des raisons jugées indépendantes de leur volonté sont comptées parmi les chômeurs et pris ainsi en compte dans la détermination du niveau de chômage dans le pays. Le niveau de chômage au sens strict du BIT et celui au sens élargi sont produits pour des besoins de comparaison;;
dybtvqg;;;;;;;Données statistiques assistance sociale
eaamrkf;;;;;;;Ce jeu de données présente des informations relatives au sexe et l'âge des membres du ménage selon la région. Les indicateurs sont générés à partir des données collectées de l’Enquête Agricole Annuelle (EAA). L’enquête agricole est une opération statistique annuelle dont l’objectif général est d’estimer le niveau des principales productions agricoles des exploitations agricoles de type familial. Elle permet également de fournir des informations sur des caractéristiques physiques des parcelles cultivées (géo localisation, superficie) et des investissements majeurs réalisés à leur niveau (intrants agricoles, opérations culturales, gestion et restauration des sols). L’EAA suit une approche modulaire qui lui permet de prendre en compte des dimensions économiques et environnementales des exploitations agricoles (niveau d’équipement agricole, revenu agricole, risques agricoles et stratégies d’adaptation, etc.) selon un plan rotatif pluriannuel. Pour en savoir plus: Métadonnées
efeylge;;;;;;;Les forêts aménagées au Sénégal sont des zones forestières où l'exploitation des ressources est régulée pour assurer leur durabilité. Ces forêts sont gérées selon des plans de gestion spécifiques qui prennent en compte la capacité de régénération des arbres et la conservation de l'écosystème. L'objectif est de permettre une exploitation contrôlée tout en préservant les ressources naturelles pour les générations futures. Les permis d'exploitation sont délivrés par les autorités, et chaque région dispose de quotas annuels pour chaque type de bois.
efrliqb;;;;;;;PRODUCTION ET CONSOMMATION FINALE NON MARCHANDES PAR PRODUIT. (série des comptes nationaux 1980-2014). Jusqu’en 2014, le Sénégal publiait des comptes nationaux de base 1999, suivant le Système de Comptabilité Nationale de 1993 (SCN93). 2014 est la nouvelle année de base des comptes nationaux.
efvwuud;;;;;;;Taux Brut de ScolLa Banque de Données des Indicateurs Sociaux (BADIS) constitue un instrument important dans le dispositif actuel du système d’informations statistiques du pays. C’est l’un des rares outils, pour ne pas dire le seul, à disposer de données de sources administratives permettant une analyse longitudinale sur différents secteurs tels que : - l’éducation, - la santé, - la population, - les prix, - l’agriculture, - la dette extérieure, - l’emploi, - le cadre de vie (électricité, eau, téléphone, logement), - les comptes nationaux. Elle est composée pour l’essentiel d’un ensemble d’indicateurs économiques et sociaux qui couvrent une période de plus de vingt ans. En effet, les informations sont disponibles dans la plupart des cas depuis 1970. Elle comporte plus de 2000 séries chronologiques réparties dans les différents thèmes évoqués. Avec le Tableau de Bord de la Situation sociale du Sénégal (TBSS), ils forment les principaux éléments du système d’information sur lequel repose l’observatoire complet que l’ANSD en collaboration avec les partenaires au développement envisage de mettre en place. Cet observatoire intégrerait et harmoniserait différentes sources de données à la pauvreté, aux conditions de vie des ménages et au développement humain. Elle est complétée par des métadonnées correspondant en quelque sorte à un recueil des fiches explicatives des différents indicateurs présentés dans la BADIS. arisation sur l'ensemble du Sénégal par cycle et par sexe
egvpiic;;;;;;;La Banque de Données des Indicateurs Sociaux (BADIS) constitue un instrument important dans le dispositif actuel du système d’informations statistiques du pays. C’est l’un des rares outils, pour ne pas dire le seul, à disposer de données de sources administratives permettant une analyse longitudinale sur différents secteurs tels que : - l’éducation, - la santé, - la population, - les prix, - l’agriculture, - la dette extérieure, - l’emploi, - le cadre de vie (électricité, eau, téléphone, logement), - les comptes nationaux. Elle est composée pour l’essentiel d’un ensemble d’indicateurs économiques et sociaux qui couvrent une période de plus de vingt ans. En effet, les informations sont disponibles dans la plupart des cas depuis 1970. Elle comporte plus de 2000 séries chronologiques réparties dans les différents thèmes évoqués. Avec le Tableau de Bord de la Situation sociale du Sénégal (TBSS), ils forment les principaux éléments du système d’information sur lequel repose l’observatoire complet que l’ANSD en collaboration avec les partenaires au développement envisage de mettre en place. Cet observatoire intégrerait et harmoniserait différentes sources de données à la pauvreté, aux conditions de vie des ménages et au développement humain. Elle est complétée par des métadonnées correspondant en quelque sorte à un recueil des fiches explicatives des différents indicateurs présentés dans la BADIS.
ekihmme;;;;;;;Ce jeu de données présente les informations sur les superficies, la production et le rendement des principales cultures des ménages pratiquant l’agriculture sous pluie, l’horticulture ou l’élevage. Les données sur base annuelle sont disponibles pour la période 2017 à 2024. Les informations sont également ventilées par région, département et par culture. Les valeurs sont compilées à partir des données collectées de l’Enquête Agricole Annuelle et des données provenant des sociétés d’encadrement comme la SAED (société d’aménagement et d’exploitation des terres du delta du fleuve Sénégal et des vallées du fleuve) et la société de développement agricole et industriel du Sénégal (SODAGRI). L’enquête agricole annuelle (EAA) est une opération statistique annuelle dont l’objectif général est d’estimer le niveau des principales productions agricoles des exploitations agricoles de type familial. Elle permet également de fournir des informations sur des caractéristiques physiques des parcelles cultivées (géo localisation, superficie) et des investissements majeurs réalisés à leur niveau (intrants agricoles, opérations culturales, gestion et restauration des sols). L’EAA suit une approche modulaire qui lui permet de prendre en compte des dimensions économiques et environnementales des exploitations agricoles (niveau d’équipement agricole, revenu agricole, risques agricoles et stratégies d’adaptation, etc.) selon un plan rotatif pluriannuel. Pour en savoir plus sur les métadonnées.
elwxsmc;Indicateurs de fécondité;Indice synthetique de fécondité (ISF) : l'ISF represente le nombre moyen d’enfants qu’aurait une femme à la fin de sa vie féconde, si elle était soumise aux taux de fécondité par âge observés pendant la période de référence. - Taux de Fécondité Générale (TFG) : Le Taux de Fécondité Générale (TFG) mesure le nombre de naissances vivantes survenues au cours d'une période donnée pour 1 000 femmes âgées de 15 à 49 ans. Il évalue le niveau de fécondité des femmes en âge de procréer;Enquête;Enquêtes Démographiques et de Santé Continue EDS-C 2016-2019, et EDS-Continue 2023;"L'ISF est obtenu à partir de la somme des taux de fécondité par âge (15–19, 20–24, …, 45–49 ans) multipliée par 5. Le taux de fécondité par âge (TFA) rapporte, pour chaque groupe d'âge quinquennal de femmes, le nombre de naissances vivantes survenues durant la période de référence (généralement les 3 années précédant l'enquête) au nombre d'années-femmes vécues dans ce même groupe d'âge durant la période. Pour l'année 2020, L'Indice Synthétique de Fécondité (ISF) est obtenu à partir de la somme des taux de fécondité par âge (15–19, 20–24, …, 45–49 ans) multipliée par 5 à travers l'enquête sur les indicateurs du Paludisme au Sénégal (EIPS) 2020-2021; Pour les années 2024 et 2025, l'Indice Synthétique de Fécondité (ISF) est obtenu dans les projections démographiques réalisées avec le logiciel Spectrum (module DemProj) à partir d'un scénario d'évolution de la fécondité. - Le TFG est le Rapport entre l'ensemble des naissances vivantes survenues durant la période de référence (généralement les 3 années précédant l'enquête) et les années-femmes d'exposition cumulées de toutes les femmes de 15-49 ans sur cette même période, sans distinction de groupe d'âge, exprimé pour 1 000 femmes";"ISF est estimé à partir des naissances survenues au cours des trois années précédant la date de l'enquête. L'année 2020 est obtenu à travers l'EIPS 2020-2021 et les années 2024 et 2025 sont obtenus à partir de projections démographiques Pour l'année 2020, le Taux de Fécondité général (TFG)) est obtenu à partir de l'enquête sur les indicateurs du Paludisme au Sénégal (EIPS) 2020-2021; Le mode de calcul de l'indicateur est identique sur toute la série";
enrwopf;;;;;;;La Banque de Données des Indicateurs Sociaux (BADIS) constitue un instrument important dans le dispositif actuel du système d’informations statistiques du pays. C’est l’un des rares outils, pour ne pas dire le seul, à disposer de données de sources administratives permettant une analyse longitudinale sur différents secteurs tels que : - l’éducation, - la santé, - la population, - les prix, - l’agriculture, - la dette extérieure, - l’emploi, - le cadre de vie (électricité, eau, téléphone, logement), - les comptes nationaux. Elle est composée pour l’essentiel d’un ensemble d’indicateurs économiques et sociaux qui couvrent une période de plus de vingt ans. En effet, les informations sont disponibles dans la plupart des cas depuis 1970. Elle comporte plus de 2000 séries chronologiques réparties dans les différents thèmes évoqués. Avec le Tableau de Bord de la Situation sociale du Sénégal (TBSS), ils forment les principaux éléments du système d’information sur lequel repose l’observatoire complet que l’ANSD en collaboration avec les partenaires au développement envisage de mettre en place. Cet observatoire intégrerait et harmoniserait différentes sources de données à la pauvreté, aux conditions de vie des ménages et au développement humain. Elle est complétée par des métadonnées correspondant en quelque sorte à un recueil des fiches explicatives des différents indicateurs présentés dans la BADIS.
eojfenc;Dépenses de santé;Montant total des crédits budgétaires approuvés par la Loi de finances et alloués au Ministère de la Santé et de l'Hygiène publique pour financer ses activités au cours d'un exercice budgétaire. Ensemble des ressources financières mobilisées et dépensées au cours d'une année pour la fourniture et le financement des biens et services de santé, incluant les dépenses courantes de santé (DCS) et les dépenses d'investissement (formation brute de capital), tous financeurs confondus (Administration publique, ménages, assurance etc). Proportion des dépenses publiques consacrées à la santé par rapport à l’ensemble des dépenses des administrations publiques au cours d’une année donnée. Cet indicateur mesure l’importance accordée au secteur de la santé dans l’ensemble des ressources publiques mobilisées par l’État et les administrations publiques. L'indicateur « Dépenses totales de santé en pourcentage des dépenses totales des administrations publiques » mesure la part du budget public consacrée à la santé. Il correspond au rapport entre les dépenses publiques affectées à la santé et l'ensemble des dépenses des administrations publiques, exprimé en pourcentage;Donnée intégrée;"Collecte, compilation et analyse des données sur les dépenses publiques de santé et les dépenses totales des administrations publiques (Loi de Finances ; Comptes nationaux de la santé)";Agrégation des dotations budgétaires du MSHP par programme et par nature de dépense Agrégation des dépenses courantes et d'investissement en santé Rapport entre les dépenses publiques de santé et les dépenses totales des administrations publiques, exprimé en pourcentage. Cet indicateur est calculé en faisant le rapport entre les dépenses totales de santé financées par les administrations publiques et les dépenses totales des administrations publiques au cours d'une année;;
epqslu;;;;;;;Le taux d'accroissement du parc automobile se réfère à la mesure de l'augmentation du nombre total de véhicules sur une période donnée, généralement exprimée en pourcentage. Pour calculer le taux d'accroissement du parc automobile, voici la formule générale : Taux d’accroissement= =(Nombre de nouveaux véhicules/Nombre total de véhicules au début de la période)x100 Ces données sont issues de la base de données de la Direction générale des Transports terrestres.​
ersvhld;;;;;;;Le champ d’application de l’ICAC suivant les nouvelles recommandations se définit par rapport à la CITI rev4/NAEMA rev1. Ainsi, l’ICAC couvre la construction de bâtiments entiers (habitations, bureaux, magasins et autres bâtiments publics, industriels, agricoles, etc.), la construction d'ouvrages complets de génie civil tels que les réseaux routiers ou ferroviaires, les ponts, tunnels, ports et aéroports, installations industrielles ou sportives, etc. Ces travaux peuvent être réalisés pour compte propre en vue de la vente (promotion immobilière notamment).
ervtjfc;Scolarisation;Effectifs d'élèves scolarisés : Nombre total d'élèves inscrits dans les établissements d'enseignement, tous niveaux et types d'enseignement confondus, Taux brut d'admission au Cours d'initiation (CI) : Rapport entre le nombre total des élèves nouvellement admis en première année du cycle élémentaire, sans considération d’âge, exprimé en pourcentage du nombre d’enfants ayant l’âge officiel d’admission au cycle (6 ans). Taux brut de participation des enfants de 5 ans à des activités d'apprentissages organisées : Nombre d'enfants inscrits dans un cycle d’enseignement donné et ayant l’âge officiel de fréquenter ce cycle exprimé en pourcentage de la population scolarisable de ce cycle. Effectifs d'élèves dans les séries scientifiques : Nombre total d'élèves inscrits dans les filières scientifiques de l'enseignement secondaire général au cours d'une année scolaire donnée. Effectifs d'élèves handicapés : Nombre total d'élèves en situation de handicap inscrits dans les établissements d'enseignement Pourcentage de filles dans les séries scientifiques : Proportion de filles inscrites dans l'enseignement secondaire général parmi l'ensemble des élèves inscrits dans les séries scientifiques. Pourcentage de filles dans les effectifs scolarisés : Proportion de filles parmi l'ensemble des élèves inscrits dans le système éducatif;Source administrative;"Recensement scolaire annuel (RSA);RGPH";Effectifs d'élèves scolarisés : Somme des élèves inscrits dans tous les niveaux d'enseignement Taux brut d'admission au Cours d'initiation (CI) : Nombre total de nouveaux admis au CI, tous âges confondus / Population âgée de 6 ans) × 100 Taux brut de participation des enfants de 5 ans à des activités d'apprentissages organisées : (Nombre total d'élèves inscrits dans un cycle, tous âges confondus / Population officielle d'âge scolaire correspondante) × 100 Effectifs d'élèves dans les séries scientifiques : Somme des élèves inscrits dans les séries scientifiques Effectifs d'élèves handicapés : Somme des élèves en situation de handicap inscrits Pourcentage de filles dans les séries scientifiques : (Nombre de filles inscrites dans les séries scientifiques / Effectif total des élèves des séries scientifiques) × 100 Pourcentage de filles dans les effectifs scolarisés : (Nombre total de filles inscrites / Effectif total des élèves inscrits) × 100;Taux brut d'admission au Cours d'initiation (CI) et Taux brut de participation des enfants de 5 ans à des activités d'apprentissages organisées : Les valeurs de 2016 à 2022 ont été recalculées à partir des projections rétropolées de population de l'ANSD issues du RGPH-5. Pour la période 2023-2025, données produites avec les nouvelles projections démographiques de l'ANSD;
ewnjbnf;;;;;;;Ce jeu de données présente des informations sur les caractéristiques des ménages agricoles selon le sexe du chef de ménage. L’information est ventilée par sexe du chef de ménage. Les données à base annuelle sont disponibles pour la période 2017 à 2024. Les valeurs sont compilées à partir des données collectées de l’Enquête Agricole Annuelle (EAA). L’enquête agricole est une opération statistique annuelle dont l’objectif général est d’estimer le niveau des principales productions agricoles des exploitations agricoles de type familial. Elle permet également de fournir des informations sur les caractéristiques physiques des parcelles cultivées (géo localisation, superficie) et les investissements majeurs réalisés à leur niveau (intrants agricoles, opérations culturales, gestion et restauration des sols). L’EAA suit une approche modulaire qui lui permet de prendre en compte des dimensions économiques et environnementales des exploitations agricoles (niveau d’équipement agricole, revenu agricole, risques agricoles et stratégies d’adaptation, etc.) selon un plan rotatif pluriannuel. Pour en savoir plus sur les métadonnées.
exlnnjb;;;;;;;Il permet de mesurer la proportion d’homicide volontaire ou involontaire dans un pays. Il est calculé sur la base du nombre d’homicide volontaire ou involontaire multiplié par cent sur l’ensemble des écroués de l’année selon les infractions. Sources : rapport d’activités et statistiques de la Direction de l’Administration pénitentiaire.
ezhih;;;;;;;Répartition du nombre de groupes pédagogiques de l'Enseignement moyen et secondaire par région, par milieu de résidence, par statut de l'établissement, par cycle et par sexe
feujxob;;;;;;;Les prix de ces produits sont utilisés pour le calcul de l'indice harmonisé des prix à la consommation (IHPC). Les prix moyens sont obtenus en faisant la moyenne géométrique des produits hétérogènes ou arithmétique pour les produits homogènes. S’agissant des prix moyens des produit pour lesquels l’unité n’a pas été précisée, ils sont calculés sur la base de produits n’ayant pas les mêmes caractéristiques (poids, volume, taille, etc.). Avec le changement d’année de base de l'IHPC, passant de 2014 à 2023, certains produits ont été élagués, d’autres éclatés.
fgcyifg;Prévalence de l'émaciation infantile;La prévalence de l’émaciation chez les enfants de moins de cinq ans correspond à la proportion d’enfants âgés de 0 à 59 mois dont le poids est insuffisant par rapport à leur taille, selon les normes de croissance de l'OMS. L'émaciation est une forme sévère de malnutrition qui se caractérise par un poids corporel extrêmement bas par rapport à la taille. Les enfants dont le Z-score pour le poids-pour-taille se situe en dessous de moins deux écarts-type (-2ET) de la médiane de la population de référence sont considérés comme maigres (émaciés) ou atteints de sous-nutrition aiguë. - Prévalence de l'Emaciation grave : Proportion d'enfants âgés de 0 à 59 mois dont le poids pour la taille (ou longueur) est inférieur à −3 écarts-types (−3 ET) de la médiane des normes de croissance de l'Organisation Mondiale de la Santé (OMS, 2006). - La prévalence de l’insuffisance pondérale correspond à la proportion d’enfants âgés de 0 à 59 mois dont le poids est insuffisant par rapport à leur âge, selon les normes de croissance de l'Organisation mondiale de la Santé (OMS, 2006). Un enfant est considéré comme souffrant d'insuffisance pondérale lorsque son indice poids-pour-âge (P/A) est inférieur à -2 écarts-types (ET) par rapport à la médiane des normes de croissance de l'OMS;Enquête;Enquêtes Démographiques et de Santé Continue EDS-C 2016-2019, et EDS-Continue 2023;Calculé en divisant le nombre d’enfants âgés de 0 à 59 mois présentant une émaciation (indice poids-pour-taille inférieur à -2 écarts-types selon les normes OMS) par le nombre total d’enfants de moins de cinq ans mesurés, puis en multipliant le résultat par 100. - Prévalence de l'émaciation grave = (Nombre d'enfants 0-59 mois avec Z-score P/T < −3 ET / Nombre total d'enfants 0-59 mois mesurés) × 100 - Prévalence de l'insuffisance pondérale = (Nombre d'enfants 0-59 mois avec Z-score P/A < −2 ET / Nombre total d'enfants 0-59 mois mesurés) × 100;;
fkjlhf;;;;;;;Cette table présente des informations sur la répartition des responsables de parcelles exploitées par les ménages agricoles. L’information est ventilée par région et par sexe des responsables des parcelles exploitées. Les données à base annuelle sont disponibles pour la période de 2017 à 2024. Les valeurs sont compilées à partir des données collectées de l’Enquête Agricole Annuelle. L’enquête agricole est une opération statistique annuelle dont l’objectif général est d’estimer le niveau des principales productions agricoles des exploitations agricoles de type familial. Elle permet également de fournir des informations sur des caractéristiques physiques des parcelles cultivées (géo localisation, superficie) et des investissements majeurs réalisés à leur niveau (intrants agricoles, opérations culturales, gestion et restauration des sols). L’EAA suit une approche modulaire qui lui permet de prendre en compte des dimensions économiques et environnementales des exploitations agricoles (niveau d’équipement agricole, revenu agricole, risques agricoles et stratégies d’adaptation, etc.) selon un plan rotatif pluriannuel. Pour en savoir plus sur les métadonnées.
fpovgsc;;;;;;;
fqqeflf;;;;;;;La Banque de Données des Indicateurs Sociaux (BADIS) constitue un instrument important dans le dispositif actuel du système d’informations statistiques du pays. C’est l’un des rares outils, pour ne pas dire le seul, à disposer de données de sources administratives permettant une analyse longitudinale sur différents secteurs tels que : - l’éducation, - la santé, - la population, - les prix, - l’agriculture, - la dette extérieure, - l’emploi, - le cadre de vie (électricité, eau, téléphone, logement), - les comptes nationaux. Elle est composée pour l’essentiel d’un ensemble d’indicateurs économiques et sociaux qui couvrent une période de plus de vingt ans. En effet, les informations sont disponibles dans la plupart des cas depuis 1970. Elle comporte plus de 2000 séries chronologiques réparties dans les différents thèmes évoqués. Avec le Tableau de Bord de la Situation sociale du Sénégal (TBSS), ils forment les principaux éléments du système d’information sur lequel repose l’observatoire complet que l’ANSD en collaboration avec les partenaires au développement envisage de mettre en place. Cet observatoire intégrerait et harmoniserait différentes sources de données à la pauvreté, aux conditions de vie des ménages et au développement humain. Elle est complétée par des métadonnées correspondant en quelque sorte à un recueil des fiches explicatives des différents indicateurs présentés dans la BADIS.
fruuksc;;;;;;;EXPORTATIONS DE BIENS ET SERVICES PAR PRODUIT (série des comptes nationaux 1980-2014). Jusqu’en 2014, le Sénégal publiait des comptes nationaux de base 1999, suivant le Système de Comptabilité Nationale de 1993 (SCN93). 2014 est la nouvelle année de base des comptes nationaux.
fsrvlqe;;;;;;;la consommation finale par groupe de produits sur la période 1980 à 2014. Les données de 2013 et 2014 sont provisoires. Jusqu’en 2014, le Sénégal publiait des comptes nationaux de base 1999, suivant le Système de Comptabilité Nationale de 1993 (SCN93). 2014 est la nouvelle année de base des comptes nationaux.
fstavid;;;;;;;
fuccbbg;;;;;;;Données sur les migrations internes (durée de vie, 1 an et 5 dernières années), émigrations internationales (au cours des 5 dernières années) et immigrations internationales durée de vie
fuvpux;Répartition de l'emploi;Elle décrit la distribution des personnes en emploi selon différentes caractéristiques socioéconomiques et démographiques (sexe, groupe d'âge, niveau d'instruction, situation matrimoniale, branche d'activité, statut dans l'emploi, milieu de résidence, etc.). Elle permet de mettre en évidence la structure de la population occupée et d'identifier les catégories qui concentrent le plus grand nombre de personnes en emploi;Enquête;Enquête nationale sur l'emploi au Sénégal (ENES);;EANT;
fviclrf;;;;;;;Ce jeu de données présente des informations relatives aux effectifs et l’utilisation de la main d’œuvre agricole selon la région. En plus niveau national, l’information est ventilée par région. Les données sur base annuelle sont disponibles pour la période 2017 à 2024. Les valeurs sont compilées à partir des données collectées de l’Enquête Agricole Annuelle (EAA). L’enquête agricole est une opération statistique annuelle dont l’objectif général est d’estimer le niveau des principales productions agricoles des exploitations agricoles de type familial. Elle permet également de fournir des informations sur des caractéristiques physiques des parcelles cultivées (géo localisation, superficie) et des investissements majeurs réalisés à leur niveau (intrants agricoles, opérations culturales, gestion et restauration des sols). L’EAA suit une approche modulaire qui lui permet de prendre en compte des dimensions économiques et environnementales des exploitations agricoles (niveau d’équipement agricole, revenu agricole, risques agricoles et stratégies d’adaptation, etc.) selon un plan rotatif pluriannuel. Pour en savoir plus sur les métadonnées.
fxwvzqc;;;;;;;Evolution des indicateurs démographiques
fymaoce;Taux d'emploi;C’est la part de la population en emploi dans celle en âge de travailler sur une même période donnée. Le taux d’emploi fournit des informations sur la capacité d’une économie à créer de l’emploi;Enquête;Enquête nationale sur l'emploi au Sénégal (ENES);Taux d'emploi= (population en emploi)/(population des personnes en âge de travailler)*100;;
fysmwpf;;;;;;;Ce jeu de données indique la fréquence de consommation des aliments classés dans huit (8) groupes d'aliments. La proportion affichée pour chaque région et département, coïncide à la part du groupe d'aliments qui a été consommé par les ménages de cette zone, sur une période de référence de sept (7) jours.
fyveggf;;;;;;;
gaxmlud;;;;;;;
gcnjicf;;;;;;;Cet ensemble de données constitue les projections issues du recensement de la population de 2013.
gfyftte;;;;;;;Enfants atteints d'anémie Pourcentage d'enfants de moins de 5 ans considérés comme étant atteints d'anémie Enfants atteints d'anémie légère Pourcentage d'enfants de moins de 5 ans considérés comme étant atteints d'anémie légère (10,0-10,9 g/dl) Enfants atteints d'anémie modérée Pourcentage d'enfants de moins de 5 ans considérés comme étant atteints d'anémie modérée (7, 0-9, 9 g/dl) Enfants atteints d'anémie sévère Pourcentage d'enfants de moins de 5 ans considérés comme étant atteints d'anémie sévère (<7,0 g/dl)
gggrydc;;;;;;;
ghcrpec;;;;;;;La Banque de Données des Indicateurs Sociaux (BADIS) constitue un instrument important dans le dispositif actuel du système d’informations statistiques du pays. C’est l’un des rares outils, pour ne pas dire le seul, à disposer de données de sources administratives permettant une analyse longitudinale sur différents secteurs tels que : - l’éducation, - la santé, - la population, - les prix, - l’agriculture, - la dette extérieure, - l’emploi, - le cadre de vie (électricité, eau, téléphone, logement), - les comptes nationaux. Elle est composée pour l’essentiel d’un ensemble d’indicateurs économiques et sociaux qui couvrent une période de plus de vingt ans. En effet, les informations sont disponibles dans la plupart des cas depuis 1970. Elle comporte plus de 2000 séries chronologiques réparties dans les différents thèmes évoqués. Avec le Tableau de Bord de la Situation sociale du Sénégal (TBSS), ils forment les principaux éléments du système d’information sur lequel repose l’observatoire complet que l’ANSD en collaboration avec les partenaires au développement envisage de mettre en place. Cet observatoire intégrerait et harmoniserait différentes sources de données à la pauvreté, aux conditions de vie des ménages et au développement humain. Elle est complétée par des métadonnées correspondant en quelque sorte à un recueil des fiches explicatives des différents indicateurs présentés dans la BADIS.
gingdve;;;;;;;Données publiées dans la Banque de Données des Indicateurs Sociaux(BADIS, 2018)
gjezjr;;;;;;;"Ces données sur les entreprises et associations concernent celles nouvellement immatriculées au NINEA (Numéro d’Identification Nationale des Entreprises et Associations). Ces unités sont classées selon qu’elles soient : - des entreprises individuelles (personnes physiques) ; - des sociétés anonymes (SA) ; - des sociétés à responsabilité limitée (SARL) ; - des groupements d’intérêt économiques (GIE) et - des entreprises ayant une autre forme juridique."
glmawqg;;;;;;;La Banque de Données des Indicateurs Sociaux (BADIS) constitue un instrument important dans le dispositif actuel du système d’informations statistiques du pays. C’est l’un des rares outils, pour ne pas dire le seul, à disposer de données de sources administratives permettant une analyse longitudinale sur différents secteurs tels que : - l’éducation, - la santé, - la population, - les prix, - l’agriculture, - la dette extérieure, - l’emploi, - le cadre de vie (électricité, eau, téléphone, logement), - les comptes nationaux. Elle est composée pour l’essentiel d’un ensemble d’indicateurs économiques et sociaux qui couvrent une période de plus de vingt ans. En effet, les informations sont disponibles dans la plupart des cas depuis 1970. Elle comporte plus de 2000 séries chronologiques réparties dans les différents thèmes évoqués. Avec le Tableau de Bord de la Situation sociale du Sénégal (TBSS), ils forment les principaux éléments du système d’information sur lequel repose l’observatoire complet que l’ANSD en collaboration avec les partenaires au développement envisage de mettre en place. Cet observatoire intégrerait et harmoniserait différentes sources de données à la pauvreté, aux conditions de vie des ménages et au développement humain. Elle est complétée par des métadonnées correspondant en quelque sorte à un recueil des fiches explicatives des différents indicateurs présentés dans la BADIS.
gmcjcre;Femmes présentes à l'Assemblée nationale et dans le Gouvernement;Pourcentage de femmes présentes à l'Assemblée nationale - Pourcentage de femmes présentes dans le Gouvernement du Sénégal;Sources administratives;Dénombrement;Il s'agit du nombre de femmes députés divisé par le nombre total de députés. Le résultat sera multiplié par 100. - Il s'agit du nombre de femmes Ministres divisé par le nombre total de Ministres. Le résultat sera multiplié par 100;;
gmjuys;;;;;;;Ce jeu de données donne l'indice de résilience des ménages face à l'insécurité alimentaire et aux moyens d'existence selon les méthodes RIMA de la FAO et AMR du CILSS, au niveau région et département.Définition de la Résilience :
gnsyxd;;;;;;;La Banque de Données des Indicateurs Sociaux (BADIS) constitue un instrument important dans le dispositif actuel du système d’informations statistiques du pays. C’est l’un des rares outils, pour ne pas dire le seul, à disposer de données de sources administratives permettant une analyse longitudinale sur différents secteurs tels que : - l’éducation, - la santé, - la population, - les prix, - l’agriculture, - la dette extérieure, - l’emploi, - le cadre de vie (électricité, eau, téléphone, logement), - les comptes nationaux. Elle est composée pour l’essentiel d’un ensemble d’indicateurs économiques et sociaux qui couvrent une période de plus de vingt ans. En effet, les informations sont disponibles dans la plupart des cas depuis 1970. Elle comporte plus de 2000 séries chronologiques réparties dans les différents thèmes évoqués. Avec le Tableau de Bord de la Situation sociale du Sénégal (TBSS), ils forment les principaux éléments du système d’information sur lequel repose l’observatoire complet que l’ANSD en collaboration avec les partenaires au développement envisage de mettre en place. Cet observatoire intégrerait et harmoniserait différentes sources de données à la pauvreté, aux conditions de vie des ménages et au développement humain. Elle est complétée par des métadonnées correspondant en quelque sorte à un recueil des fiches explicatives des différents indicateurs présentés dans la BADIS.
gnydonb;;;;;;;Nombre de pirogue de la pêche artisanale par régions et par type de propulsion
gownytd;;;;;;;Bulletin annuel sur les données Touristiques
gqgdsgc;;;;;;;Ce jeu de données présente des informations sur les caractéristiques des ménages agricoles selon la région. L’information est ventilée par sexe du chef de ménage. Les données à base annuelle sont disponibles pour la période 2017 à 2024. Les valeurs sont compilées à partir des données collectées de l’Enquête Agricole Annuelle (EAA). L’enquête agricole est une opération statistique annuelle dont l’objectif général est d’estimer le niveau des principales productions agricoles des exploitations agricoles de type familial. Elle permet également de fournir des informations sur les caractéristiques physiques des parcelles cultivées (géo localisation, superficie) et les investissements majeurs réalisés à leur niveau (intrants agricoles, opérations culturales, gestion et restauration des sols). L’EAA suit une approche modulaire qui lui permet de prendre en compte des dimensions économiques et environnementales des exploitations agricoles (niveau d’équipement agricole, revenu agricole, risques agricoles et stratégies d’adaptation, etc.) selon un plan rotatif pluriannuel. Pour en savoir plus sur les métadonnées.
gruhoyg;;;;;;;Ce jeu de données montre la répartition par nationalité des entrées de touristes par voie aérienne
gsqrwfd;;;;;;;Ces données sont tirées des rapports de performance élaborés chaque année par le Ministère de la Santé et de l'Action sociale (MSAS). Dans le secteur de la santé, l’élaboration du rapport de performance répond également à une exigence du Plan national de Développement sanitaire et social (PNDSS 2019-2028). Ce dernier, arrimé aux engagements internationaux et nationaux du pays notamment ceux relatifs aux Objectifs de Développement Durable (ODD) et au Plan Sénégal Émergent (PSE), est opérationnalisé à travers plusieurs documents dont le Programme d’investissement sectoriel (PIS), la Stratégie nationale de Financement de la Santé (SNFS), le Document de Programmation Pluriannuelle des Dépenses (DPPD). Ainsi, ce présent rapport annuel de performances du Ministère de la santé et de l’Action sociale (MSAS) constitue un outil d’analyse des performances et contreperformances. Il fait ressortir le niveau de réalisation des objectifs sur la base des indicateurs et cibles fixés dans le Projet Annuel de Performances, l’exécution des dépenses, la constatation et l’explication des écarts par rapport aux prévisions.
gtmugkg;;;;;;;Production de l'aquaculture par groupe d'espèces
gwrlxjg;;;;;;;
gxxgqkf;;;;;;;Ce jeu de données nous renseigne sur la situation des accidents de ka circulation sur les voies terrestres, aériennes ,maritimes, crash d'avion , accident de travail, domestique ….etc. Ces donnes nous nous une partie des accidents que la BNSP a pu obtenir suivant les zones d'accès et de compétences
haeeyfb;;;;;;;
hapqtv;;;;;;;"Ces données sont extraites de la Banque de Données Économiques et Financières (BDEF). La BDEF est une publication qui est issue de l’exploitation des documents de fin d’exercice fournis au Centre Unique de Collecte d’Information (CUCI) par les entreprises soumises au plan comptable SYSCOA. Elle informe sur l’activité des entreprises à travers des tableaux de : Bilan (actif et passif) Comptes de résultats (charges et produits) Ratios de gestion et structure financière Soldes caractéristiques du tableau financier des ressources et des emplois Les informations sont fournies pour l’ensemble du secteur dit moderne ; quatre macro secteurs ; neuf groupes de secteurs et trente cinq secteurs d’activités. Les informations sont disponibles pour les sept dernières années."
hdrqitg;;;;;;;La Banque de Données des Indicateurs Sociaux (BADIS) constitue un instrument important dans le dispositif actuel du système d’informations statistiques du pays. C’est l’un des rares outils, pour ne pas dire le seul, à disposer de données de sources administratives permettant une analyse longitudinale sur différents secteurs tels que : - l’éducation, - la santé, - la population, - les prix, - l’agriculture, - la dette extérieure, - l’emploi, - le cadre de vie (électricité, eau, téléphone, logement), - les comptes nationaux. Elle est composée pour l’essentiel d’un ensemble d’indicateurs économiques et sociaux qui couvrent une période de plus de vingt ans. En effet, les informations sont disponibles dans la plupart des cas depuis 1970. Elle comporte plus de 2000 séries chronologiques réparties dans les différents thèmes évoqués. Avec le Tableau de Bord de la Situation sociale du Sénégal (TBSS), ils forment les principaux éléments du système d’information sur lequel repose l’observatoire complet que l’ANSD en collaboration avec les partenaires au développement envisage de mettre en place. Cet observatoire intégrerait et harmoniserait différentes sources de données à la pauvreté, aux conditions de vie des ménages et au développement humain. Elle est complétée par des métadonnées correspondant en quelque sorte à un recueil des fiches explicatives des différents indicateurs présentés dans la BADIS.
hfhored;;;;;;;Données issues des annuaires statistiques sanitaires du Sénégal. Direction de la Planification, de la Recherche et des Statistiques
hhwsfnd;;;;;;;"Ces données sur les entreprises et associations concernent celles nouvellement immatriculées au NINEA (Numéro d’Identification Nationale des Entreprises et Associations). Ces unités sont classées selon qu’elles soient : - des entreprises individuelles (personnes physiques) ; - des sociétés anonymes (SA) ; - des sociétés à responsabilité limitée (SARL) ; - des groupements d’intérêt économiques (GIE) et - des entreprises ayant une autre forme juridique."
hipzlnc;Nombre de décès maternels et Ratio de mortalité maternelle;Nombre de Decés Maternels : Le nombre de décès maternels correspond au nombre de femmes décédées au cours de la grossesse ou dans un délai de 42 jours après sa terminaison, quelle qu'en soit la durée ou la localisation, pour une cause quelconque déterminée ou aggravée par la grossesse ou les soins qu'elle a motivés, mais ni accidentelle ni fortuite. - Ratio de Mortalité Maternelle : Il mesure le risque de décès maternel chez les femmes enceintes ou chez celles l’ayant été récemment. Le rapport de mortalité maternelle est exprimé en nombre de décès maternels pour 100 000 naissances vivantes;Enquête et Sources administratives;Collecte continue des données de routine du Système National d'Information Sanitaire/Rapport annuel EDS-C 2017;Nombre de Decés Maternels : Dénombrement Ratio de Mortalité Maternelle : Il est calculé en divisant le taux de mortalité maternelle ajusté selon l'âge par le taux général de fécondité ajusté selon l'âge, puis en multipliant le résultat par 100 000;;
hiuwwpg;;;;;;;Évolution trimestrielle des parts de marché des opérateurs au Sénégal pour Trimestre1 2021 au Trimestre2 2023
hjaavmf;;;;;;;Ce jeu de données montre les nuitées globales par catégorie d'hôtels
hltemyf;Contraception;Taux de prévalence contraceptive : Le taux de prévalence contraceptive est la proportion des femmes en union âgées de 15 à 49 ans qui utilisent une méthode contraceptive moderne au moment de l'enquête. - Proportion de demande satisfaite par des méthodes modernes : Proportion des femmes en union âgées de 15 à 49 ans, ayant une demande de planification familiale (femmes utilisant une méthode contraceptive + femmes ayant un besoin non satisfait), dont la demande est satisfaite par l'utilisation d'une méthode moderne;Enquête;Enquêtes Démographiques et de Santé Continue EDS-C 2016-2019, et EDS-Continue 2023;Taux de prévalence contraceptive : Calculé en divisant le nombre de femmes âgées de 15 à 49 ans actuellement en union utilisant une méthode contraceptive moderne par le nombre total de femmes âgées de 15 à 49 ans actuellement en union, puis en multipliant le résultat par 100. - Proportion de demande satisfaite par des méthodes modernes : Calculé en divisant le nombre de femmes en union âgées de 15 à 49 ans utilisant actuellement une méthode contraceptive moderne par la demande totale de planification familiale (femmes en union âgées de 15 à 49 ans utilisant une méthode contraceptive moderne ou traditionnelle et femmes ayant un besoin non satisfait en planification familiale), puis en multipliant le résultat par 100;Pour les années 2024 et 2025, une estimation modélisée ( modèle bayésien hiérarchique FPET) à partir des données d'enquêtes et des données de services selon l'approche Track20;
hnojhn;;;;;;;Données publiées dans la Banque de Données des Indicateurs Sociaux(BADIS, 2018). La BADIS constitue un instrument important dans le dispositif actuel du système d’informations statistiques du pays. C’est l’un des rares outils, pour ne pas dire le seul, à disposer de données de sources administratives permettant une analyse longitudinale sur différents secteurs tels que : - l’éducation, - la santé, - la population, - les prix, - l’agriculture, - la dette extérieure, - l’emploi, - le cadre de vie (électricité, eau, téléphone, logement), - les comptes nationaux. Elle est composée pour l’essentiel d’un ensemble d’indicateurs économiques et sociaux qui couvrent une période de plus de vingt ans. En effet, les informations sont disponibles dans la plupart des cas depuis 1970. Elle comporte plus de 2000 séries chronologiques réparties dans les différents thèmes évoqués. Avec le Tableau de Bord de la Situation sociale du Sénégal (TBSS), ils forment les principaux éléments du système d’information sur lequel repose l’observatoire complet que l’ANSD en collaboration avec les partenaires au développement envisage de mettre en place.
hpqofvb;;;;;;;Ce jeu de données montre l'évolution des arrivées au niveau des principaux marchés émetteurs
hpyrnhg;;;;;;;Données sapeurs pompiers
htssljg;;;;;;;Ce jeu de données présente des informations sur la gestion des terres et les pratiques agricoles dans les parcelles exploitées. L’information est ventilée par région. Les données à base annuelle sont disponibles pour la période 2024. Les valeurs sont compilées à partir des données collectées de l’Enquête Agricole Annuelle (EAA). L’enquête agricole est une opération statistique annuelle dont l’objectif général est d’estimer le niveau des principales productions agricoles des exploitations agricoles de type familial. Elle permet également de fournir des informations sur les caractéristiques physiques des parcelles cultivées (géo localisation, superficie) et les investissements majeurs réalisés à leur niveau (intrants agricoles, opérations culturales, gestion et restauration des sols). L’EAA suit une approche modulaire qui lui permet de prendre en compte des dimensions économiques et environnementales des exploitations agricoles (niveau d’équipement agricole, revenu agricole, risques agricoles et stratégies d’adaptation, etc.) selon un plan rotatif pluriannuel. Pour en savoir plus sur les métadonnées.
huuxjo;;;;;;;Aire marine protégée (AMP) : Une Aire marine protégée est une zone délimitée dans les environnements marins et côtiers où des mesures de conservation sont mises en place pour protéger les écosystèmes, les habitats et les espèces marines. Ces mesures visent à préserver la biodiversité, à maintenir les ressources halieutiques et à soutenir les activités de pêche durable. Au Sénégal, les APMs sont ​gérées par la Direction des Aires Marines Communautaires Protégées (DAMCP). Forêt classée : Une forêt classée est une zone forestière protégée par des lois et des règlements pour préserver ses ressources naturelles et assurer une gestion durable. Les forêts classées sont souvent des habitats critiques pour la biodiversité et jouent un rôle important dans la régulation du climat et la protection des sols. L'exploitation de ces forêts est strictement contrôlée, et les activités comme la déforestation, la chasse et l'agriculture y sont réglementées pour maintenir l'équilibre écologique​. Ainsi la gestion des Forêts Classées est assurée par la Direction des Eaux et Forêts, Chasse et de la Conservation des Sols (DEFCCS). Parc : Un parc est une grande zone protégée, généralement désignée pour la conservation de la faune et de la flore, ainsi que pour la préservation des paysages naturels. Les parcs peuvent être terrestres ou marins et sont souvent destinés à des fins récréatives, éducatives et touristiques, en plus de la conservation. Au Sénégal, les Parcs gérés par la Direction des Parcs Nationaux (DPN) Périmètre de reboisement : Un périmètre de reboisement est une zone délimitée où des actions de reboisement sont entreprises pour restaurer des forêts dégradées ou pour créer de nouvelles forêts. Ces initiatives, menées par la DEFCCS, visent à lutter contre la déforestation, à améliorer la qualité de l'air, à séquestrer du carbone, et à restaurer les habitats pour la faune et la flore locales. Réserve : Une réserve est une zone protégée créée pour la conservation des écosystèmes naturels, des habitats et des espèces. Les réserves peuvent être classées en différentes catégories en fonction de leur objectif de gestion, allant de la protection stricte à l'utilisation durable des ressources. Elles jouent un rôle crucial dans la préservation de la biodiversité et peuvent inclure des réserves de faune, des réserves de biosphère, et des réserves naturelles intégrales​. Zone d'intérêt cynégétique : Une zone d'intérêt cynégétique est une région spécifiquement désignée pour la gestion de la faune sauvage à des fins de chasse. sont gérées pour maintenir des populations viables d'espèces chassées tout en préservant les habitats naturels. La gestion cynégétique, relevant de la Direction des Eaux, Forêts, Chasses et de la Conservation des Sols (DEFCCS), implique des pratiques de régulation de la chasse, des quotas de prélèvement et des programmes de restauration des habitats pour assurer une chasse durable et responsable. Par exemple, la Zone d'Intérêt Cynégétique (ZIC) de Falémé au Sénégal est gérée pour permettre une exploitation raisonnée des ressources fauniques tout en préservant les écosystèmes locaux.
hvzevfc;;;;;;;Ce jeu de données montre la capacité en lits par catégorie d'hôtels
hydkglc;Taux brut de natalité;Le taux brut de natalité est un indicateur démographique qui mesure le nombre de naissances vivantes survenues au cours d'une période (généralement une année) rapporté à la population moyenne totale de la même période, exprimé pour 1 000 habitants;Enquête;Enquêtes Démographiques et de Santé Continue (EDS-C) EDS-C 2016-2019, et EDS-Continue (EDS-C) 2023 Pour l'année 2020, Enquête sur les Indicateurs du Paludisme au Sénégal (EIPS) 2020–2021 Pour les années 2024 et 2025, on a utilisé les Projections Démographiques 2023-2073;Le taux brut de natalité est estimé en rapportant le nombre pondéré de naissances vivantes déclarées par les femmes de 15 à 49 ans au cours de la période de référence aux personnes-années d'exposition de la population correspondante, puis en multipliant le résultat par 1 000. Pour l'année 2020, Somme des naissances vivantes déclarées par l'ensemble des femmes de l'échantillon, sur la période de référence rapporté aux Personnes-années d'exposition de la population totale (population moyenne pondérée) sur la même période de référence TBN = (Σ naissances vivantes pondérées, période de référence) / (Σ années-personnes d'exposition, population totale) × 1 000 Pour les années 2024 et 2025, Le taux brut de natalité est estimé en rapportant le nombre de naissances vivantes survenues durant une période de référence à la population moyenne correspondante, puis en multipliant le résultat par 1 000. TBN = (Nombre de naissances vivantes / (Population Totale Moyenne ) × 1 000;Pour les années 2024 et 2025, des données intégrées sont utilisées à travers les projections démographiques 2023-2073;
hzkemtf;Production et vente d'eau en zone urbaine;La quantité d'eau produite et vendue en milieu rural;Source administrative;Enregistrements de la Sénégalaise des Eaux (SEN'EAU);Les groupes de consommateurs sont les ménages, le secteur public et les grands consommateurs, notamment les entreprises industrielles, commerciales, et les autres consommateurs à forte consommation d'eau en zone urbaine;;
hzmcihc;;;;;;;La Banque de Données des Indicateurs Sociaux (BADIS) constitue un instrument important dans le dispositif actuel du système d’informations statistiques du pays. C’est l’un des rares outils, pour ne pas dire le seul, à disposer de données de sources administratives permettant une analyse longitudinale sur différents secteurs tels que : - l’éducation, - la santé, - la population, - les prix, - l’agriculture, - la dette extérieure, - l’emploi, - le cadre de vie (électricité, eau, téléphone, logement), - les comptes nationaux. Elle est composée pour l’essentiel d’un ensemble d’indicateurs économiques et sociaux qui couvrent une période de plus de vingt ans. En effet, les informations sont disponibles dans la plupart des cas depuis 1970. Elle comporte plus de 2000 séries chronologiques réparties dans les différents thèmes évoqués. Avec le Tableau de Bord de la Situation sociale du Sénégal (TBSS), ils forment les principaux éléments du système d’information sur lequel repose l’observatoire complet que l’ANSD en collaboration avec les partenaires au développement envisage de mettre en place. Cet observatoire intégrerait et harmoniserait différentes sources de données à la pauvreté, aux conditions de vie des ménages et au développement humain. Elle est complétée par des métadonnées correspondant en quelque sorte à un recueil des fiches explicatives des différents indicateurs présentés dans la BADIS.
hzyvssb;;;;;;;Ce jeu de données présente des informations sur les Machines, équipements et actifs agricoles des ménages. Les données sur base annuelle sont disponibles pour 2022. L’information est ventilée par région. Les valeurs sont compilées à partir des données collectées de l’Enquête Agricole Annuelle (EAA). L’enquête agricole est une opération statistique annuelle dont l’objectif général est d’estimer le niveau des principales productions agricoles des exploitations agricoles de type familial. Elle permet également de fournir des informations sur des caractéristiques physiques des parcelles cultivées (géo localisation, superficie) et des investissements majeurs réalisés à leur niveau (intrants agricoles, opérations culturales, gestion et restauration des sols). L’EAA suit une approche modulaire qui lui permet de prendre en compte des dimensions économiques et environnementales des exploitations agricoles (niveau d’équipement agricole, revenu agricole, risques agricoles et stratégies d’adaptation, etc.) selon un plan rotatif pluriannuel. Les informations contenues dans ce tableau sont issues du module rotatif Machines, équipements et actifs agricole du ménage (MEA) qui a une périodicité de 3 ans. Pour en savoir plus sur les métadonnées.
ianurfc;Indicateurs énergétiques (consommation) par produit;La consommation d'énergie est la quantité d'énergie utilisée par un ménage ou un équipement pour satisfaire un besoin spécifique;Source administrative;;;;
icxvloc;Répartition des ménages selon le type/matériau de revêtement (sols, murs et toitures);Les ménages dont les murs, sols et toits sont fabriqués avec des matériaux selon le niveau de qualité;Enquête;Enquête démographiques et de Santé (EDS);Les modalités de la question sur le principal matériau de construction des murs du logement;La série est obtenue principalement à partir des données EDS (2016, 2017, 2019, 2020 et 2023. Elle est complétée par l'enquête harmonisée sur les conditions de vie des ménages (2018 et 2021). Au-delà du champ classique considéré par l'enquête EDS, EHCVM prend en compte les matériaux de qualité nouvellement utilisés;
idajti;;;;;;;Il s'agit des données de projections démographiques issues du Recensement général de la Population, de l'Habitat, de l'Agriculture et de l’Élevage (RGPHAE) réalisé en 2013. Le dernier recensement du Sénégal a été réalisé en mai-juin 2023 et les données des communes sont disponibles via le lien ci après : https://www.ansd.sn/donnees-recensements?field_liste_annee_value=2023
idtepgd;;;;;;;Récapitulatif des cultures industrielles et céréalières
ieowgx;Importations - Exportations par pays;Les exportations représentent toutes les enregistrements de marchandises qui diminuent le stock des ressources matérielles d'un pays en quittant son territoire économique. - Les importations représentent toutes les enregistrements de marchandises qui augmentent le stock des ressources matérielles d'un pays en entrant sur son territoire économique;Source administrative;Enregistrements de la Douane;Correction des données administratives, Compilation et traitement. Les exportations sont exprimées en valeur FAB (Franco A Bord, coût de la marchandise à son point de sortie du Sénégal);;
ifglzob;;;;;;;Ce jeu de données montre les arrivées globales par catégorie d'hôtels
igrzntc;;;;;;;Ce jeu de données montre la répartition par nationalité des entrées de touristes par voie terrestre
ilmevs;;;;;;;La Banque de Données des Indicateurs Sociaux (BADIS) constitue un instrument important dans le dispositif actuel du système d’informations statistiques du pays. C’est l’un des rares outils, pour ne pas dire le seul, à disposer de données de sources administratives permettant une analyse longitudinale sur différents secteurs tels que : - l’éducation, - la santé, - la population, - les prix, - l’agriculture, - la dette extérieure, - l’emploi, - le cadre de vie (électricité, eau, téléphone, logement), - les comptes nationaux. Elle est composée pour l’essentiel d’un ensemble d’indicateurs économiques et sociaux qui couvrent une période de plus de vingt ans. En effet, les informations sont disponibles dans la plupart des cas depuis 1970. Elle comporte plus de 2000 séries chronologiques réparties dans les différents thèmes évoqués. Avec le Tableau de Bord de la Situation sociale du Sénégal (TBSS), ils forment les principaux éléments du système d’information sur lequel repose l’observatoire complet que l’ANSD en collaboration avec les partenaires au développement envisage de mettre en place. Cet observatoire intégrerait et harmoniserait différentes sources de données à la pauvreté, aux conditions de vie des ménages et au développement humain. Elle est complétée par des métadonnées correspondant en quelque sorte à un recueil des fiches explicatives des différents indicateurs présentés dans la BADIS.
iocwzud;;;;;;;Ce jeu de données permet de mesurer le niveau de criminalité dans un pays. Il comprend deux indicateurs : population carcérale et population générale du pays. Sources : prévision annuelle de la population de l’ANSD, d’activités et statistiques de la Direction de l’Administration pénitentiaire.
ionpsdd;;;;;;;
ioxbglg;Population carcérale;Nombre de personnes condamnées : renvoie à une décision judiciaire définitive prononçant une peine, quel que soit le type de peine (pas nécessairement l'emprisonnement). - Nombre de personnes emprisonnées : renvoie à la privation de liberté effective (le fait d'être en détention), qui peut recouper la notion d'écrou mais insiste sur l'état plutôt que sur l'acte administratif;Source administrative;Enregistrements des instances de la justice;Nombre total de personnes condamnées dans l'année - Nombre total de personnes emprisonnées dans l'année;;
isadfgd;;;;;;;
iwaqbob;;;;;;;"L’Indice de la Qualité de l’Air (IQA) est un outil d’information et de sensibilisation qui permet aux citoyens et aux décideurs de connaître la quantité de polluants atmosphériques présents dans l’air. L’IQA est calculé à partir de la concentration de cinq polluants et la 1 norme définie pour chaque polluant. Ces polluants sont :  le dioxyde d’azote (NO2) ;  le dioxyde de soufre (SO2) ;  le monoxyde de carbone (CO) ;  l’ozone (O3) ;  les particules à diamètres inférieur à 10 micromètres (PM10)."
ixgncb;Répartition des ménages selon les principaux types d'aisance;Il s'agit du système d'assainissement recensé dans le ménage suivant le type d'aisance : toilette avec chasse, latrine améliorée ou traditionnelle;Enquête;Enquête démographiques et de Santé (EDS);Les modalités de la question sur le type de sanitaire utilisé par le ménage utilise;La série est obtenue principalement à partir des données EDS (2016, 2017, 2019, 2020 et 2023). Elle est complétée par l'enquête harmonisée sur les conditions de vie des ménages (2018 et 2021). L'indicateur est calculé de la même manière car les cuisines, salles de bains, corridors, balcons dans les piéces occupées ne sont pas inclus dans le champs des pièces habitables;
jcvcajc;Indice de pauvreté;Incidence de la pauvreté : Pourcentage de ménages pauvres selon le seuil national de pauvreté monétaire - Profondeur de la pauvreté : Ecart moyen entre le niveau de vie des personnes pauvres et le seuil de pauvreté - Sévérité de la pauvreté : Écart moyen au seuil de pauvreté en donnant plus de poids aux plus pauvres;Enquête;Enquête harmonisée sur les conditions de vie des ménages (EHCVM);Un ménage est considéré comme pauvre lorsque son niveau de ressources ou de consommation est inférieur au seuil de pauvreté, c'est-à-dire au niveau minimal nécessaire pour satisfaire ses besoins essentiels. Ce seuil comprend deux composantes : un seuil alimentaire, fondé sur le coût d'un panier de produits couvrant les besoins nutritionnels de 2 300 kilocalories par personne et par jour, et un seuil non alimentaire, estimé à partir des dépenses non alimentaires des ménages dont les dépenses alimentaires sont proches du seuil alimentaire. Le seuil de pauvreté global correspond à la somme de ces deux composantes. - L'incidence de la pauvreté (P0) est calculée selon l'approche FGT : proportion de la population vivant en dessous du seuil de pauvreté. - La profondeur de la pauvreté (P1) est calculée selon l'approche FGT en mesurant, pour chaque ménage pauvre, l'écart entre son niveau de vie et le seuil de pauvreté, exprimé en proportion de ce seuil. La moyenne de ces écarts sur l'ensemble de la population mesure l'intensité de la pauvreté en indiquant à quel point les pauvres sont éloignés du seuil de pauvreté. - La sévérité de la pauvreté (P2) est calculée selon l'approche FGT en élevant au carré, pour chaque ménage pauvre, l'écart entre son niveau de vie et le seuil de pauvreté, exprimé en proportion de ce seuil. La moyenne de ces écarts au carré mesure non seulement l'intensité de la pauvreté, mais accorde également un poids plus important aux ménages les plus pauvres, reflétant ainsi les inégalités entre les pauvres;;
jderzfb;Activités extractives (mines et carrières);La quantité et la valeur des matières premières (mines et carrières) extraites et exportées présentées en unités physiques et/ou en valeur;Source administrative;Rapport annuel;;;
jekbpbf;;;;;;;Ce jeux de données, issues des Enquêtes EDS, contient les indicateurs suivants :Pourcentage de mères adolescentesPourcentage d'adolescentes ayant commencé leur vie procréativePourcentage de femmes de 15-19 ans ont déjà été enceintesPourcentage d'adolescentes enceintes de leur premier enfantPourcentage de femmes de 15-19 ans ont déjà eu une grossesse improductive
jetrzvd;;;;;;;Ce jeu de données présente des informations relatives au sexe et l'âge des membres du ménage selon la région. Les indicateurs sont générés à partir des données collectées de l’Enquête Agricole Annuelle (EAA). L’enquête agricole est une opération statistique annuelle dont l’objectif général est d’estimer le niveau des principales productions agricoles des exploitations agricoles de type familial. Elle permet également de fournir des informations sur des caractéristiques physiques des parcelles cultivées (géo localisation, superficie) et des investissements majeurs réalisés à leur niveau (intrants agricoles, opérations culturales, gestion et restauration des sols). L’EAA suit une approche modulaire qui lui permet de prendre en compte des dimensions économiques et environnementales des exploitations agricoles (niveau d’équipement agricole, revenu agricole, risques agricoles et stratégies d’adaptation, etc.) selon un plan rotatif pluriannuel. Pour en savoir plus: Métadonnées
jfjqpqd;;;;;;;Données publiées dans la Banque de Données des Indicateurs Sociaux(BADIS, 2018). La BADIS constitue un instrument important dans le dispositif actuel du système d’informations statistiques du pays. C’est l’un des rares outils, pour ne pas dire le seul, à disposer de données de sources administratives permettant une analyse longitudinale sur différents secteurs tels que : - l’éducation, - la santé, - la population, - les prix, - l’agriculture, - la dette extérieure, - l’emploi, - le cadre de vie (électricité, eau, téléphone, logement), - les comptes nationaux. Elle est composée pour l’essentiel d’un ensemble d’indicateurs économiques et sociaux qui couvrent une période de plus de vingt ans. En effet, les informations sont disponibles dans la plupart des cas depuis 1970. Elle comporte plus de 2000 séries chronologiques réparties dans les différents thèmes évoqués. Avec le Tableau de Bord de la Situation sociale du Sénégal (TBSS), ils forment les principaux éléments du système d’information sur lequel repose l’observatoire complet que l’ANSD en collaboration avec les partenaires au développement envisage de mettre en place.
jfonchc;;;;;;;Evolution du Taux d'Achévement du cycle fondamental par régions
jhhjtwe;Violence à l'égard des femmes;Femmes ayant déjà eu un mari ou un partenaire intime ayant été victimes de violence physique ou sexuelle ou émotionnelle perpétrée par leur mari/conjoint au cours de 12 mois ayant précédé l'enquête : Pourcentage de femmes ayant subi des violences sexuelles au cours des douze derniers mois - Femmes ayant subi des violences sexuelles de la part d'un partenaire non-intime au cours des douze derniers mois : Pourcentage de femmes ayant subi des violences sexuelles au cours des douze derniers mois;Enquête;Enquête démographique et de Santé (EDS);Femmes ayant déjà eu un mari ou un partenaire intime ayant été victimes de violence physique ou sexuelle ou émotionnelle perpétrée par leur mari/conjoint au cours de 12 mois ayant précédé l'enquête : Cet indicateur s'obtient en divisant le nombre de femmes ayant déjà eu un mari ou un partenaire intime ayant été victimes de violence physique ou sexuelle ou émotionnelle perpétrée par leur mari/conjoint au cours de 12 mois par le nombre de femmes ayant déjà eu un mari ou un partenaire intime ayant été victimes de ces violences au cours des douze derniers mois. Le résultat sera multiplié 100 - Femmes ayant subi des violences sexuelles de la part d'un partenaire non-intime au cours des douze derniers mois : Cet indicateur s'obtient en divisant le nombre de femmes ayant subi des violences sexuelles de la part d'un partenaire non-intime au cours des douze derniers mois par le nombre de femmes ayant subi des violences sexuelles au cours des douze derniers mois. Le résultat sera multiplié par 100;;
jhldtec;;;;;;;Ces données sont issues de la Note sur les comptes régionaux qui est une publication qui fait la synthèse de l’activité économique régionale, mesurée notamment par le PIB régional (PIBR). Ce dernier est calculé en partant d’un regroupement des branches de la Nomenclature d’Activités des États Membres d’AFRISTAT (NAEMA rev.2). Il est évalué en valeur aux prix courants et en volumes chainés (avec l’année de référence 2014, année de base également des comptes nationaux annuels selon le SCN 2008). L’approche utilisée est celle de la production. Cependant, la répartition régionale de la consommation finale est également évaluée.
jjnifag;;;;;;;Ces données sont issues de la Note sur les comptes régionaux qui est une publication qui fait la synthèse de l’activité économique régionale, mesurée notamment par le PIB régional (PIBR). Ce dernier est calculé en partant d’un regroupement des branches de la Nomenclature d’Activités des États Membres d’AFRISTAT (NAEMA rev.2). Il est évalué en valeur aux prix courants et en volumes chainés (avec l’année de référence 2014, année de base également des comptes nationaux annuels selon le SCN 2008). L’approche utilisée est celle de la production. Cependant, la répartition régionale de la consommation finale est également évaluée.
jlhhjtg;;;;;;;Indicateurs de la morbidité
jmixjxe;;;;;;;
jnsosgb;;;;;;;Évolution trimestrielle de la répartition des abonnés par types d'accès de juin 2020 au juin 2021
joelgdb;Nombres et infrastructures scolaires;Nombre d'écoles fonctionnelles Infrastructures scolaires : - Rapport entre le nombre d'écoles électrifiés et le nombre total d'écoles fonctionnelles, exprimé en pourcentage - Rapport entre le nombre d'écoles clôturées et le nombre total d'écoles fonctionnelles, exprimé en pourcentage - Rapport entre le nombre d'écoles disposant d'une connexion internet et le nombre total d'écoles fonctionnelles - Rapport entre le nombre d'écoles disposant d'un point d'eau et le nombre total d'écoles fonctionnelles - Rapport entre le nombre d'écoles disposant d'une installation sanitaire et le nombre total d'écoles fonctionnelles - Rapport entre le nombre d'écoles disposant d'une cantine scolaire et le nombre total d'écoles fonctionnelles;Source administrative;Recensement scolaire annuel (RSA);Nombre total d'écoles fonctionnelles et infrastructures scolaires recensées;;
jomgwld;;;;;;;
jrgpjsb;;;;;;;Ce jeu de données présente des informations sur la répartition des chefs de ménages agricoles selon la classe d’âge et le sexe. En plus des totaux généraux, l’information est ventilée par région. Les données sur base annuelle sont disponibles pour la période 2017 à 2024. Les valeurs sont compilées à partir des données collectées de l’Enquête Agricole Annuelle (EAA). L’enquête agricole est une opération statistique annuelle dont l’objectif général est d’estimer le niveau des principales productions agricoles des exploitations agricoles de type familial. Elle permet également de fournir des informations sur des caractéristiques physiques des parcelles cultivées (géo localisation, superficie) et des investissements majeurs réalisés à leur niveau (intrants agricoles, opérations culturales, gestion et restauration des sols). L’EAA suit une approche modulaire qui lui permet de prendre en compte des dimensions économiques et environnementales des exploitations agricoles (niveau d’équipement agricole, revenu agricole, risques agricoles et stratégies d’adaptation, etc.) selon un plan rotatif pluriannuel. Pour en savoir plus sur les métadonnées.
jucdlse;;;;;;;
jzsbuue;;;;;;;"Ce jeu de données indique la proportion de ménages déclarant avoir vécu au moins une expérience de faim au cours de 30 jours ayant précédé le passage de l'agent enquêteur. Ces données sont obtenues grâce à l'indicateur ""Echelle domestique de la faim (HHS) dont le calcul est basé sur une série de six (6) questions dont trois (3) questions de perception (oui/non) et trois (3) questions de fréquence permettant de recueillir la survenu ou non d'une expérience de faim (niveau de privation de nourriture à cause de manque de ressource) au sein du ménages. Définition de l'indicateur : L’approche utilisée par le HHS est basée sur l’idée que l’expérience de la privation alimentaire dans les ménages provoque des réactions prévisibles qui peuvent être saisies grâce à une enquête et résumées dans un indice. Cette approche, parfois appelée méthode « expérientielle » de collecte des données ou méthode de collecte des données « basée sur la perception », a d’abord été popularisée au milieu des années 1990, lorsque le Ministère Américain de l’Agriculture (USDA) a adopté l’approche de la mesure de routine pour l’insécurité alimentaire dans les ménages aux les États-Unis. Depuis lors, l’approche a été adoptée sur une plus grande échelle par d’autres outils de mesure de l’insécurité alimentaire, y compris la HFIAS. Questionnaire de l'indicateur HHS : Q1. Au cours des [4 dernières semaines/30 jours], n'y avait-il aucun aliment à manger à la maison, de quelque nature que ce soit à cause du manque de ressources ? Réponses : Oui ou Non Q1.a. Combien de fois est-ce arrivé au cours des [4 dernières semaines/30 jours] ? Réponses : 0 à 30 Q2. Au cours des [4 dernières semaines/30 jours], étiez-vous ou tout membre de votre ménage obligé de dormir affamé le soir parce qu’il n’y avait pas assez de nourriture ? Réponses : Oui ou Non Q2.a. Combien de fois est-ce arrivé au cours des [4 dernières semaines/30 jours] ? Réponses : 0 à 30 Q3. Au cours des [4 dernières semaines/30 jours], avez-vous ou tout membre de votre ménage passé un jour et une nuit entiers sans rien manger parce qu’il n’y avait pas assez de nourriture ? Réponses : Oui ou Non Q3.a. Combien de fois est-ce arrivé au cours des [4 dernières semaines/30 jours] ? Réponses : 0 à 30 L'indicateur HHS calculé est un indice compris entre 0 et 6. Cet indice est ensuite catégorisé pour obtenir trois (3) catégorie : 1. Peu ou pas de faim dans le ménage (HHS compris entre 0 et 1) 2.Faim modérée dans le ménage (HHS compris entre 2 et 3) 3. Faim sévère dans le ménage (HHS compris entre 4 et 6) En définitif, les deux (2) catégorie renseignées dans le jeux de données concernent les modalités la proportion de ménages ayant vécu ces expériences de faim modérée et sévère."
kchmjhc;;;;;;;
kdtstle;Accès à une eau améliorée;La principale source d'approvisionnement en eau de boisson du ménage : robinet dans le logement, borne fontaine, puits à pompe ou forage, puis protégés et non protégés;Enquête;Enquête démographiques et de Santé (EDS);Les modalités de la question sur la principale source d'approvisionnement en eau de boisson du ménage;La série est obtenue principalement à partir des données EDS (2016, 2017, 2019, 2020 et 2023). Elle est complétée par l'enquête harmonisée sur les conditions de vie des ménages (2018 et 2021) et les recensement de 2002 et 2013. La méthode de calcul est identique pour les données issues de l'enquête EDS et des Recensement. Toutefois, pour le l'enquête harmonisée sur les conditions de vie des ménages (EHCVM), le champ est plus précis car permet de capter explicitement les puits protégés en en utilisant les modalités puits couverts dans cour/concession et puits couvert ailleurs;
kkyckxd;;;;;;;Évolution trimestrielle du parc de lignes de la téléphonie mobile du Trimestre1 2021 au Trimestre2 2023 par Opérateur au Sénégal.
kllytuf;;;;;;;"I. Définition Le commerce spécial à l'exportation enregistre les exportations en simple sortie de marchandises, les produits réexportés en décharge d'admission temporaire, les exportations temporaires, les exportations en sortie d'entrepôt industriel, les exportations en sortie d'usine exercée. II. Méthodologie Le traitement des données du commerce extérieur est effectué en référence à la décision N° 06/96/CM/UEMOA du 14 mai 1996 portant création et codification des régimes douaniers, statistiques et fiscaux dans l’UEMOA et au règlement N° 03/2004/CM/UEMOA du 05 juillet 2004 fixant les modalités d’élaboration des statistiques du commerce extérieur des États membres de l’UEMOA. Les statistiques du commerce extérieur sont ventilées par produit selon la nomenclature internationale du Système harmonisé (code à 10 chiffres) et conformément au tableau du pays partenaire (origine, destination). Un Comité de suivi des statistiques du commerce extérieur, comprenant les représentants de l’Agence nationale de la BCEAO, de l’ANSD, de la DTAI, de la DGD et de la Direction du Commerce Extérieur, a été créé pour statuer régulièrement sur les problèmes liés à la production des données. Ce comité se réunit actuellement en cas de besoin. Les données diffusées pour le commerce extérieur du Sénégal correspondent aux statistiques du commerce spécial (exportations FAB (Franco à bord), importations CAF (Coût Assurance fret)) telles que définies dans la norme mondiale de l’ONU sur les statistiques du commerce extérieur. Le Système harmonisé (SH) de l’organisation mondiale des douanes (OMD) est la nomenclature utilisée pour l’enregistrement des produits. III.Champ Les statistiques du commerce extérieur enregistrent l'ensemble des échanges de marchandises effectués entre un ""territoire statistique"" déterminé et chacun des autres ""territoires statistiques. Par ""territoire statistique"", il faut entendre tout territoire soumis à un même contrôle douanier. En pratique, les territoires statistiques sont identifiés par des codes géographiques. L’ANSD collecte, produit et diffuse les statistiques officielles du commerce extérieur à partir des données brutes fournies par la Direction Générale des Douanes du Ministère de l'Économie, des Finances et du Plan sur une base mensuelle."
ksmozkf;;;;;;;Données publiées dans la Banque de Données des Indicateurs Sociaux (BADIS, 2018)
kxyzrqe;;;;;;;
kyjxasg;;;;;;;Le jeu de données couvrent la période de 2012 à 2022.
kzxgnzd;;;;;;;Ce jeu de données montre les arrivées de non-résidents par nationalité et par pôle touristique
lawbfbe;;;;;;;Ce jeu de données montre la durée moyenne de séjour dans les réceptifs par nationalité
lbhxcze;;;;;;;La Banque de Données des Indicateurs Sociaux (BADIS) constitue un instrument important dans le dispositif actuel du système d’informations statistiques du pays. C’est l’un des rares outils, pour ne pas dire le seul, à disposer de données de sources administratives permettant une analyse longitudinale sur différents secteurs tels que : - l’éducation, - la santé, - la population, - les prix, - l’agriculture, - la dette extérieure, - l’emploi, - le cadre de vie (électricité, eau, téléphone, logement), - les comptes nationaux. Elle est composée pour l’essentiel d’un ensemble d’indicateurs économiques et sociaux qui couvrent une période de plus de vingt ans. En effet, les informations sont disponibles dans la plupart des cas depuis 1970. Elle comporte plus de 2000 séries chronologiques réparties dans les différents thèmes évoqués. Avec le Tableau de Bord de la Situation sociale du Sénégal (TBSS), ils forment les principaux éléments du système d’information sur lequel repose l’observatoire complet que l’ANSD en collaboration avec les partenaires au développement envisage de mettre en place. Cet observatoire intégrerait et harmoniserait différentes sources de données à la pauvreté, aux conditions de vie des ménages et au développement humain. Elle est complétée par des métadonnées correspondant en quelque sorte à un recueil des fiches explicatives des différents indicateurs présentés dans la BADIS.
lfbfetc;;;;;;;Ce jeu de données montre la répartition des établissements d'hébergement touristique par pôle touristique
lpnyeuf;;;;;;;Les données couvrent la période de 2012 à 2023, avec des données définitives allant de 2012 à 2020 et des données provisoires pour les années suivantes.
lqekqqd;;;;;;;Répartition du nombre d'établissements supérieurs selon la région, le type (université ou grande école) et le statut (public ou privé)
lqpij;;;;;;;La Banque de Données des Indicateurs Sociaux (BADIS) constitue un instrument important dans le dispositif actuel du système d’informations statistiques du pays. C’est l’un des rares outils, pour ne pas dire le seul, à disposer de données de sources administratives permettant une analyse longitudinale sur différents secteurs tels que : - l’éducation, - la santé, - la population, - les prix, - l’agriculture, - la dette extérieure, - l’emploi, - le cadre de vie (électricité, eau, téléphone, logement), - les comptes nationaux. Elle est composée pour l’essentiel d’un ensemble d’indicateurs économiques et sociaux qui couvrent une période de plus de vingt ans. En effet, les informations sont disponibles dans la plupart des cas depuis 1970. Elle comporte plus de 2000 séries chronologiques réparties dans les différents thèmes évoqués. Avec le Tableau de Bord de la Situation sociale du Sénégal (TBSS), ils forment les principaux éléments du système d’information sur lequel repose l’observatoire complet que l’ANSD en collaboration avec les partenaires au développement envisage de mettre en place. Cet observatoire intégrerait et harmoniserait différentes sources de données à la pauvreté, aux conditions de vie des ménages et au développement humain. Elle est complétée par des métadonnées correspondant en quelque sorte à un recueil des fiches explicatives des différents indicateurs présentés dans la BADIS.
lsskcwg;;;;;;;Ce jeu de données présente des informations sur les méthodes de production végétale. Les indicateurs sont générés à partir des données collectées de l’Enquête Agricole Annuelle (EAA). L’enquête agricole est une opération statistique annuelle dont l’objectif général est d’estimer le niveau des principales productions agricoles des exploitations agricoles de type familial. Elle permet également de fournir des informations sur des caractéristiques physiques des parcelles cultivées (géo localisation, superficie) et des investissements majeurs réalisés à leur niveau (intrants agricoles, opérations culturales, gestion et restauration des sols). L’EAA suit une approche modulaire qui lui permet de prendre en compte des dimensions économiques et environnementales des exploitations agricoles (niveau d’équipement agricole, revenu agricole, risques agricoles et stratégies d’adaptation, etc.) selon un plan rotatif pluriannuel. Pour en savoir plus: Métadonnées
lymkshc;;;;;;;Bilan humain des accidents sur les routes selon le nombre de blessés, de blessés graves, de morts, d'indemnes
lypauwe;;;;;;;Cette table présente des informations sur les coûts de production et les revenus agricoles. Les données sur base annuelle sont disponibles pour 2021. L’information est ventilée par région et selon le type de producteur.Les valeurs sont compilées à partir des données collectées de l’Enquête Agricole Annuelle (EAA). L’enquête agricole est une opération statistique annuelle dont l’objectif général est d’estimer le niveau des principales productions agricoles des exploitations agricoles de type familial. Elle permet également de fournir des informations sur des caractéristiques physiques des parcelles cultivées (géo localisation, superficie) et des investissements majeurs réalisés à leur niveau (intrants agricoles, opérations culturales, gestion et restauration des sols). L’EAA suit une approche modulaire qui lui permet de prendre en compte des dimensions économiques et environnementales des exploitations agricoles (niveau d’équipement agricole, revenu agricole, risques agricoles et stratégies d’adaptation, etc.) selon un plan rotatif pluriannuel. Les informations contenues dans ce tableau sont issues du module rotatif Production, revenu et main d’œuvre (ILP) qui a une périodicité de 3 ans. Pour en savoir plus sur les métadonnées.
mblvdbf;;;;;;;
mddqcg;;;;;;;Données issues des annuaires statistiques sanitaires du Sénégal. Direction de la Planification, de la Recherche et des Statistiques
mewwnac;Indicateurs énergétiques (production, importation et exportation) par produit;L'approvisionnement énergétique est la somme des production et des importations d'énergie électriques corrigée des variations de stock;Source administrative;;;;
mgcpicb;;;;;;;La Banque de Données des Indicateurs Sociaux (BADIS) constitue un instrument important dans le dispositif actuel du système d’informations statistiques du pays. C’est l’un des rares outils, pour ne pas dire le seul, à disposer de données de sources administratives permettant une analyse longitudinale sur différents secteurs tels que : - l’éducation, - la santé, - la population, - les prix, - l’agriculture, - la dette extérieure, - l’emploi, - le cadre de vie (électricité, eau, téléphone, logement), - les comptes nationaux. Elle est composée pour l’essentiel d’un ensemble d’indicateurs économiques et sociaux qui couvrent une période de plus de vingt ans. En effet, les informations sont disponibles dans la plupart des cas depuis 1970. Elle comporte plus de 2000 séries chronologiques réparties dans les différents thèmes évoqués. Avec le Tableau de Bord de la Situation sociale du Sénégal (TBSS), ils forment les principaux éléments du système d’information sur lequel repose l’observatoire complet que l’ANSD en collaboration avec les partenaires au développement envisage de mettre en place. Cet observatoire intégrerait et harmoniserait différentes sources de données à la pauvreté, aux conditions de vie des ménages et au développement humain. Elle est complétée par des métadonnées correspondant en quelque sorte à un recueil des fiches explicatives des différents indicateurs présentés dans la BADIS.
mgdfkqd;;;;;;;Nom indicateurDéfinitionMode de calculSource de données Jeunes femmes de 20 à 24 ans en première union avant d'atteindre l'âge exact de 15 ansPourcentage de jeunes femmes de 20 à 24 ans en première union avant d'atteindre l'âge exact de 15 anC'est le nombre total de femmes âgées entre 20 et 24 ans et mariées avant l'âge exact de 15 ans divisé par le nombre de femmes de 20-24 ans mariées. Le résultat est multiplié par 100.Enquête Démographique et de Santé (EDS) Jeunes femmes de 20 à 24 ans en première union avant d'atteindre l'âge exact de 18 ansPourcentage de jeunes femmes de 20 à 24 ans en première union avant d'atteindre l'âge exact de 18 anC'est le nombre total de femmes âgées entre 20 et 24 ans et mariées avant l'âge exact de 18 ans divisé par le nombre de femmes de 20-24 ans mariées. Le résultat est multiplié par 100.Enquête Démographique et de Santé (EDS)Femmes ayant déjà eu un mari ou un partenaire intime ayant été victimes de violence physique ou sexuelle ou émotionnelle perpétrée par leur mari/conjoint au cours de 12 mois ayant précédé l'enquête Pourcentage de femmes ayant subi des violences sexuelles au cours des douze derniers moisOn divise le nombre de femmes ayant déjà eu un mari ou un partenaire intime ayant été victimes de violence physique ou sexuelle ou émotionnelle perpétrée par leur mari/conjoint au cours de 12 mois par le nombre de femmes ayant déjà eu un mari ou un partenaire intime ayant été victimes de ces violences au cours des douze derniers mois. Le résultat sera multipliéEnquête Démographique et de Santé (EDS)Femmes ayant subi des violences sexuelles de la part d'un partenaire non-intime au cours des douze derniers mois Pourcentage de femmes ayant subi des violences sexuelles au cours des douze derniers moisOn divise le nombre de femmes ayant subi des violences sexuelles de la part d'un partenaire non-intime au cours des douze derniers mois par le nombre de femmes ayant subi des violences sexuelles au cours des douze derniers mois. Le résultat sera multiplié par 100.Enquête Démographique et de Santé (EDS)
mgrciod;;;;;;;
mksvmnc;;;;;;;Le nombre de lits d'hôpitaux et de centres de santé correspond à tous les lits d'hôpitaux et de centres de santé qui sont régulièrement entretenus et dotés en personnel et immédiatement disponibles pour les soins des patients admis.
mmvnrz;;;;;;;Débarquement de la pêche artisanale par région et par groupes espèces
mqwduxd;;;;;;;
mrydmfb;;;;;;;La Banque de Données des Indicateurs Sociaux (BADIS) constitue un instrument important dans le dispositif actuel du système d’informations statistiques du pays. C’est l’un des rares outils, pour ne pas dire le seul, à disposer de données de sources administratives permettant une analyse longitudinale sur différents secteurs tels que : - l’éducation, - la santé, - la population, - les prix, - l’agriculture, - la dette extérieure, - l’emploi, - le cadre de vie (électricité, eau, téléphone, logement), - les comptes nationaux. Elle est composée pour l’essentiel d’un ensemble d’indicateurs économiques et sociaux qui couvrent une période de plus de vingt ans. En effet, les informations sont disponibles dans la plupart des cas depuis 1970. Elle comporte plus de 2000 séries chronologiques réparties dans les différents thèmes évoqués. Avec le Tableau de Bord de la Situation sociale du Sénégal (TBSS), ils forment les principaux éléments du système d’information sur lequel repose l’observatoire complet que l’ANSD en collaboration avec les partenaires au développement envisage de mettre en place. Cet observatoire intégrerait et harmoniserait différentes sources de données à la pauvreté, aux conditions de vie des ménages et au développement humain. Elle est complétée par des métadonnées correspondant en quelque sorte à un recueil des fiches explicatives des différents indicateurs présentés dans la BADIS.
msfyw;;;;;;;La Banque de Données des Indicateurs Sociaux (BADIS) constitue un instrument important dans le dispositif actuel du système d’informations statistiques du pays. C’est l’un des rares outils, pour ne pas dire le seul, à disposer de données de sources administratives permettant une analyse longitudinale sur différents secteurs tels que : - l’éducation, - la santé, - la population, - les prix, - l’agriculture, - la dette extérieure, - l’emploi, - le cadre de vie (électricité, eau, téléphone, logement), - les comptes nationaux. Elle est composée pour l’essentiel d’un ensemble d’indicateurs économiques et sociaux qui couvrent une période de plus de vingt ans. En effet, les informations sont disponibles dans la plupart des cas depuis 1970. Elle comporte plus de 2000 séries chronologiques réparties dans les différents thèmes évoqués. Avec le Tableau de Bord de la Situation sociale du Sénégal (TBSS), ils forment les principaux éléments du système d’information sur lequel repose l’observatoire complet que l’ANSD en collaboration avec les partenaires au développement envisage de mettre en place. Cet observatoire intégrerait et harmoniserait différentes sources de données à la pauvreté, aux conditions de vie des ménages et au développement humain. Elle est complétée par des métadonnées correspondant en quelque sorte à un recueil des fiches explicatives des différents indicateurs présentés dans la BADIS.
mshpqhc;;;;;;;Moyennes mensuelles des prix des matières premières
muhgux;;;;;;;"L'objectif principal des enquêtes trimestrielles est de mettre en place un dispositif de mesure et de suivi de l’emploi au Sénégal. De façon spécifique, cette enquête vise à : · mesurer le chômage et l’emploi, identifier les secteurs d’activités à plus forte capacité de création d’emplois ; · définir le profil des demandeurs d’emploi ; · mesurer la demande d’emploi particulièrement celle des jeunes, les dynamiques du marché du travail au Sénégal ; · déterminer la structure de cette demande en termes de caractéristiques sociodémographiques, de formation et de qualification professionnelle ; · évaluer les canaux de recherche d’un emploi et la durée d’obtention du premier emploi après la sortie du système éducatif ou de formation professionnelle ; · évaluer la durée d’occupation d’un emploi notamment le premier emploi ; · évaluer les conditions d’exercice de ces emplois notamment la protection sociale accordée aux différentes catégories socioprofessionnelles ; · servir de support d’analyse statistique pour les plans tel que le PSE, les programmes et stratégies de promotion de l’emploi notamment celui des jeunes et des femmes."
mwxxnab;Taux brut de mortalité;Le taux brut de mortalité est un indicateur démographique qui mesure le nombre de décès survenus au sein d'une population donnée au cours d'une période déterminée, généralement une année. Il s'exprime généralement pour mille habitants (‰);Données integrées;Projections Démographiques 2013-2063 & 2023-2073;Le taux brut de mortalité est calculé en divisant le nombre total de décès survenus au cours d'une année par la population moyenne de la même année, puis en multipliant le résultat par 1 000. TBN = (Nombre de naissances vivantes / (Population Totale Moyenne ) × 1 000;Pour la période 2016 - 2021, on a utilisé des données de projections démographiques de 2013-2063 et celle de 2023-2073 pour les années 2024 et 2025. Le RGPH-5 est utilisé pour l'année 2023;
ndowxeb;;;;;;;
niacfee;;;;;;;
nmcazrc;;;;;;;Évolution du parc de lignes de la Téléphonie Mobile au Sénégal de 2021-juin 2023
ntsycvb;;;;;;;La Banque de Données des Indicateurs Sociaux (BADIS) constitue un instrument important dans le dispositif actuel du système d’informations statistiques du pays. C’est l’un des rares outils, pour ne pas dire le seul, à disposer de données de sources administratives permettant une analyse longitudinale sur différents secteurs tels que : - l’éducation, - la santé, - la population, - les prix, - l’agriculture, - la dette extérieure, - l’emploi, - le cadre de vie (électricité, eau, téléphone, logement), - les comptes nationaux. Elle est composée pour l’essentiel d’un ensemble d’indicateurs économiques et sociaux qui couvrent une période de plus de vingt ans. En effet, les informations sont disponibles dans la plupart des cas depuis 1970. Elle comporte plus de 2000 séries chronologiques réparties dans les différents thèmes évoqués. Avec le Tableau de Bord de la Situation sociale du Sénégal (TBSS), ils forment les principaux éléments du système d’information sur lequel repose l’observatoire complet que l’ANSD en collaboration avec les partenaires au développement envisage de mettre en place. Cet observatoire intégrerait et harmoniserait différentes sources de données à la pauvreté, aux conditions de vie des ménages et au développement humain. Elle est complétée par des métadonnées correspondant en quelque sorte à un recueil des fiches explicatives des différents indicateurs présentés dans la BADIS.
nxefvxc;;;;;;;"L’Indice du chiffre d’affaires dans l’industrie (ICAI), base 100 en 2016, mesure l’évolution des ventes des biens et services dans l’industrie. Le champ d’application de l’ICA dans l’industrie se définit par rapport à la CITI rev4/NAEMA rev1 et couvre les sections B (Activités extractives), C (Activités de fabrication), D (Production et distribution d’électricité, de gaz, de vapeur et de climatisation), E (Approvisionnement en eau, activités d’assainissement et de gestion des déchets, dépollution). En revanche, certaines activités des sections B, C, D et E de la NAEMA rev1, en l’occurrence l’égrenage de coton sont exclues du champ. S’agissant du calcul des indices, il est fait recours à un système de double pondération dynamique (utilisation simultanée du chiffre d’affaires et des valeurs ajoutées actualisées chaque année). L’échantillon à l’année de base compte 71 entreprises couvrant 89,8% de la valeur ajoutée du tissu industriel. Celui-ci est actualisé chaque année avec le système des années de référence. L’indice est publié trimestriellement et est disponible au plus tard 75 jours après la fin du trimestre sous revue. Il est susceptible d’être révisé lorsque le taux de réponse est inférieur à 100%. Le calcul des indices corrigés des variations saisonnières (cvs) n’est pas encore effectué ; les analyses sont faites en variation annuelle. Les présents indicateurs sont établis avec un taux de réponse de 93,4%."
nxitdrd;;;;;;;
nzwqcve;;;;;;;Ce jeu de données montre les nuitées des non-résidents par nationalité et par mois
oabkope;;;;;;;Ce jeux de données regroupe les principaux indicateurs macroéconomiques du Sénégal des comptes nationaux (1980-2014). Jusqu’en 2014, le Sénégal publiait des comptes nationaux de base 1999, suivant le Système de Comptabilité Nationale de 1993 (SCN93). 2014 est la nouvelle année de base des comptes nationaux.
odjusfc;;;;;;;La mobilité quotidienne est appréhendée comme l’articulation de l’ensemble des déplacements d'une unité de temps donnée, permettant de réaliser un ensemble d'activités localisées dans le temps et l'espace. Le déplacement est l’ensemble du mouvement entre un lieu de départ et un lieu de destination finale où la personne se rend pour accomplir une activité, et cela, quel que soit le moyen de transport ou la combinaison de moyens de transport utilisé et quelle que soit la distance parcourue ou la destination. Le taux de mobilité, en transport urbain, correspond au nombre moyen de déplacement journalier par personne. Les modes de transport sont avant tout des moyens pour les usagers d’accéder à des lieux et des activités. Ils leur permettent de se déplacer dans l’espace, au prix d’un certain temps et d’un coût. Motif du déplacement : Le déplacement se caractérise par un motif et un seul. Tout changement de motif entraîne un nouveau déplacement. Mais deux déplacements successifs peuvent avoir le même motif. Pour un voyage, le motif est celui du déplacement principal du voyage.
ogkayxb;;;;;;;L’Agence Nationale de la Statistique et de la Démographie (ANSD) produit et publie tous les mois l'Indice Harmonisé des Prix à la Consommation (IHPC). Cet indice base 100 en 2014, mesure l’évolution des prix à la consommation au plan national. Les indices sont de type Laspeyres et la principale source identifiée pour les pondérations est la deuxième Enquête de Suivi de la Pauvreté au Sénégal (ESPS-II) de 2011. Le champ couvert par l’indice harmonisé des prix à la consommation est l’ensemble du pays découpé en zones écologiques/économiques, à savoir le Sud, le Nord, le Centre Nord, l’Ouest et le Centre Sud. Ces cinq zones sont représentées respectivement par Kolda, Saint Louis, Diourbel, Dakar et Kaolack. La collecte des prix se fait dans les capitales de ces régions. L’IHPC est publié selon la classification des fonctions de consommation des ménages à 12 fonctions (COICOP ). Et la méthodologie de calcul est commune aux huit pays de l'UEMOA. Voir la Note méthodologique sur l’Indice Harmonise des Prix à la Consommation (IHPC) (Base 100 en 2014)
omwgzme;;;;;;;La Banque de Données des Indicateurs Sociaux (BADIS) constitue un instrument important dans le dispositif actuel du système d’informations statistiques du pays. C’est l’un des rares outils, pour ne pas dire le seul, à disposer de données de sources administratives permettant une analyse longitudinale sur différents secteurs tels que : - l’éducation, - la santé, - la population, - les prix, - l’agriculture, - la dette extérieure, - l’emploi, - le cadre de vie (électricité, eau, téléphone, logement), - les comptes nationaux. Elle est composée pour l’essentiel d’un ensemble d’indicateurs économiques et sociaux qui couvrent une période de plus de vingt ans. En effet, les informations sont disponibles dans la plupart des cas depuis 1970. Elle comporte plus de 2000 séries chronologiques réparties dans les différents thèmes évoqués. Avec le Tableau de Bord de la Situation sociale du Sénégal (TBSS), ils forment les principaux éléments du système d’information sur lequel repose l’observatoire complet que l’ANSD en collaboration avec les partenaires au développement envisage de mettre en place. Cet observatoire intégrerait et harmoniserait différentes sources de données à la pauvreté, aux conditions de vie des ménages et au développement humain. Elle est complétée par des métadonnées correspondant en quelque sorte à un recueil des fiches explicatives des différents indicateurs présentés dans la BADIS.
onwlsyd;;;;;;;Fausse alerte: Il s’agit du requérant qui compose le « 18 » pour porter à la connaissance de l’opérateur un sinistre qui est imaginaire, dans le but de déclencher les secours. Les mobiles de l’appelant sont variables : intention de nuire, volonté d’assister au déploiement des engins de secours, dispersion des moyens pendant qu’un autre sinistre, bien réel, est en cours. Alerte motivée: Alerte générée par une personne de bonne foi, qui a cru (à tort) être confrontée à une situation dangereuse. Finalement, l’intervention ne nécessite pas la mise en œuvre de moyens hydrauliques ou de matériels. La présence sur les lieux des secours est effective.
orqojle;;;;;;;Jeu de données pour la Répartition des Centres multimédia communautaires (CMC) du Sénégal par Région. Le projet des CMC vise à réduire la fracture numérique dans les zones rurales et péries urbaines. Un CMC est composé de radio FM Communautaire et une salle informatique logées dans une même enceinte.
ovothxc;;;;;;;La Banque de Données des Indicateurs Sociaux (BADIS) constitue un instrument important dans le dispositif actuel du système d’informations statistiques du pays. C’est l’un des rares outils, pour ne pas dire le seul, à disposer de données de sources administratives permettant une analyse longitudinale sur différents secteurs tels que : - l’éducation, - la santé, - la population, - les prix, - l’agriculture, - la dette extérieure, - l’emploi, - le cadre de vie (électricité, eau, téléphone, logement), - les comptes nationaux. Elle est composée pour l’essentiel d’un ensemble d’indicateurs économiques et sociaux qui couvrent une période de plus de vingt ans. En effet, les informations sont disponibles dans la plupart des cas depuis 1970. Elle comporte plus de 2000 séries chronologiques réparties dans les différents thèmes évoqués. Avec le Tableau de Bord de la Situation sociale du Sénégal (TBSS), ils forment les principaux éléments du système d’information sur lequel repose l’observatoire complet que l’ANSD en collaboration avec les partenaires au développement envisage de mettre en place. Cet observatoire intégrerait et harmoniserait différentes sources de données à la pauvreté, aux conditions de vie des ménages et au développement humain. Elle est complétée par des métadonnées correspondant en quelque sorte à un recueil des fiches explicatives des différents indicateurs présentés dans la BADIS.
owakqrf;Effectif des enseignants;Effectif des enseignants : Nombre total d’enseignants exerçant dans le système éducatif Pourcentage d'enseignant certifiés : Rapport exprimé en pourcentage entre le nombre d'enseignants qui ont satisfait au moins aux exigences minimales de formation des enseignants (initiale ou continue) pour enseigner un niveau d'enseignement spécifique et le nombre total d'enseignants du cycle Pourcentage d'enseignant qualifiés : Rapport exprimé en pourcentage entre le nombre d'enseignants qui possèdent les qualifications académiques minimales nécessaires pour enseigner à un cycle d'enseignement spécifique et le nombre total d'enseignants du cycle;Source administrative;Recensement scolaire annuel (RSA);Effectif des enseignants : Nombre total d'enseignants en service dans les établissements d'enseignement - Pourcentage d'enseignant certifiés : (Nombre d'enseignants certifiés / Nombre total d'enseignants) × 100 - Pourcentage d'enseignant qualifiés : (Nombre d'enseignants qualifiés / Nombre total d'enseignants) × 100;;
owbuhyc;;;;;;;
owjmseg;;;;;;;
oxaryrf;;;;;;;Le reboisement constitue un effort considérable de restauration des sols et du couvert végétal afin d’inverser la tendance de dégradation. Cette activité est réalisée par la Direction des Eaux et Forêts, Chasses et de la Conservation des Sols (DEFCCS) en collaboration avec les collectivités territoriales et autres acteurs (Privés, ONG et opérateurs cynégétiques, etc.).
oxtmghd;;;;;;;Nombre de licences, de cartes mareyeur et de permis émises
oyjjwdd;;;;;;;Le jeu de données contient les débarquements de la pêche artisanale (en quantité et en valeur commerciale estimée, VCE), de 2001 à 2020, répartis par région et par groupe d'espèces
oypxwl;;;;;;;Données publiées dans la Banque de données des indicateurs sociaux (BADIS, 2018)
oyvgqdc;;;;;;;Répartition du personnel pénitentiaire selon le sexe et la couverture
pagfmnc;Prévalence du retard de croissance;La prévalence du retard de croissance chez les enfants de moins de cinq ans correspond à la proportion d’enfants âgés de 0 à 59 mois dont la taille (ou longueur) est insuffisante par rapport à leur âge, selon les normes de croissance de OMS. Les enfants dont le Z-score pour la taille pour-âge (T/A) se situe en dessous de moins deux écarts type (-2ET) de la médiane de la population de référence sont considérés comme trop petits par rapport à leur âge (retard de croissance) ou atteints de sous-nutrition chronique. - La prévalence du grave retard de croissance correspond à la proportion d’enfants âgés de 0 à 59 mois dont la taille (ou longueur) est très insuffisante par rapport à leur âge, selon les normes de croissance de l'Organisation mondiale de la Santé (OMS, 2006). Les enfants dont le Z-score pour la taille pour-âge se situe en dessous de moins trois écart type (-3ET) sont considérés comme atteints de retard de croissance grave;Enquête;Enquêtes Démographiques et de Santé Continue EDS-C 2016-2019, et EDS-Continue 2023;Prévalence du retard de croissance = (Nombre d'enfants 0-59 mois avec Z-score T/A < −2 ET / Nombre total d'enfants 0-59 mois mesurés) × 100 - Prévalence du grave retard de croissance = (Nombre d'enfants 0-59 mois avec Z-score T/A < −3 ET / Nombre total d'enfants 0-59 mois mesurés) × 100;;
pbqrebc;;;;;;;
peqyluf;;;;;;;L’Agence nationale de la Statistique et de la Démographie (ANSD) met à la disposition des utilisateurs l'Indice des coûts de construction des Bâtiments et des Travaux Publics (IBTP). Cet indice base 100 en T4-2022, mesure l’évolution des coûts des principales activités de la construction des bâtiments et des travaux publics, appréhendés à partir de 5 postes : « matériaux », « matériels », « main d’œuvre », « énergie et transport » et « biens et services de gestion du chantier ». Les indices sont de type Laspeyres chaînés et les pondérations sont issues des devis estimatifs sur les types de bâtiments ou travaux publics retenus. Le champ couvert par l’indice est l’ensemble du territoire national. L’IBTP est publié au plus tard 45 jours après le trimestre sous revue.
pexioke;;;;;;;
pfuntsb;Pollution de l'air à Dakar : Niveau de concentration de particules PM10 et PM 2,5;"Les termes ""Concentration en PM10 (µg/m³)"" et ""Concentration en PM2,5 (µg/m³)"" se réfèrent aux niveaux de particules en suspension dans l'air, mesurées en microgrammes par mètre cube (µg/m³). PM10 : Ce sont des particules en suspension dans l'air dont le diamètre est inférieur à 10 micromètres. Elles peuvent être inhalées et pénétrer dans les voies respiratoires supérieures (nez, bouche, et gorge), et parfois jusqu'aux poumons. Les sources courantes de PM10 incluent la poussière de construction, la pollution routière, et les émissions industrielles. PM2,5 : Ce sont des particules plus fines, avec un diamètre inférieur à 2,5 micromètres. En raison de leur petite taille, elles peuvent pénétrer plus profondément dans les poumons et même entrer dans la circulation sanguine. Elles sont souvent issues de la combustion, comme celle des véhicules, des usines, des feux de bois, et même des réactions chimiques dans l'atmosphère";Source administrative;Collecte administrative routinière;"L’IQA est calculé à partir de la concentration de cinq polluants et la 1 norme définie pour chaque polluant. Ces polluants sont : le dioxyde d’azote (NO2) ; le dioxyde de soufre (SO2) ; le monoxyde de carbone (CO) ; l’ozone (O3) ; les particules à diamètres inférieur à 10 micromètres (PM10)";;
pgowhbg;;;;;;;TAUX DE CROISSANCE DES VOLUMES ET DES PRIX DU PRODUIT INTÉRIEUR BRUT PAR BRANCHE D' ACTIVITÉ. Jusqu’en 2014, le Sénégal publiait des comptes nationaux de base 1999, suivant le Système de Comptabilité Nationale de 1993 (SCN93). 2014 est la nouvelle année de base des comptes nationaux.
pgxvet;;;;;;;Les prélèvements sur les ressources non ligneuses au Sénégal concernent une variété de produits végétaux et animaux qui ne sont pas du bois, mais qui jouent un rôle crucial dans les économies locales, la sécurité alimentaire et la conservation de la biodiversité :Fruits sauvagesGommes et résinesFeuilles et fibresMiel et cire d'abeille les prélèvements sur les ressources non ligneuses au Sénégal englobent une variété de produits végétaux et animaux qui sont essentiels pour les économies locales et la biodiversité. Une gestion durable et des politiques appropriées sont nécessaires pour assurer leur pérennité.
phfdqm;;;;;;;
plhukuf;;;;;;;"Ce jeu de données comprend trois indicateurs décrits ainsi qu’il suit :la grâce qui est régie par les textes ci-dessous :la Constitution Sénégalaise, notamment en son article 47 ;les dispositions de l’article 143, alinéa 2 de la loi n°97-18 du 1er décembre 1997, modifiée portant Code des Drogues ;les dispositions de l’article 174 du décret n°2001-362 du 04 mai 2001, relatif aux procédures d’exécution et d’aménagement des sanctions pénales, modifié par le décret n° 2021-1068 du 11 août 2021. Elle est accordée aux détenus condamnés (condamnation définitive).la Libération conditionnelle Elle est régie par les dispositions combinées des articles 699 à 703 du Code de Procédure pénale ,143 du Code des Drogues et le décret n° 2001-362 du 04 mai 2001, sur les procédures d’exécution et d’aménagement des peines, modifié par le décret n°2021-1068 du 11 août 2021. Les conditions édictées sont des gages sérieux de réadaptation sociale et l’exécution de la moitié de la peine pour les délinquants primaires, les 2/3 pour les récidivistes, les 4/5 pour les condamnés pour drogue dont la peine est supérieure ou égale à un (01) et de 25 ans pour les condamnés à la réclusion criminelle à perpétuité. La libération conditionnelle est une mesure d’aménagement des peines accordée exclusivement par arrêté du Garde des Sceaux, Ministre de la Justice. Cette décision intervient après l’avis la Commission pénitentiaire consultative d’aménagement des peines placé auprès de chaque établissement pénitentiaire, présidée par la juge de l’application des peines.la réduction de peineLa réduction de peine est prévue par l’article 693-4 du Code de procédure pénale. Elle est accordée aux condamnés détenus en exécution d’une ou de plusieurs peines privatives de liberté, s’ils ont donné des preuves suffisantes de bonne conduite. Cette réduction de peine est accordée par le comité de l’aménagement des peines du lieu de détention du condamné sans que cette réduction ne puisse excéder trois mois par année d’incarcération et sept jours par mois pour une durée d’incarcération moindre. Elle est prononcé en une seule fois si l’incarcération est inférieure à une année et fractions annuelles le cas contraire. Sources : rapport d’activités et statistiques de la Direction de l’Administration pénitentiaire."
pnzhzgb;;;;;;;
psnlzpb;;;;;;;Ce jeu de données présente des informations sur les caractéristiques des parcelles exploitées. L’information est ventilée par région et par classe de superficie des parcelles. Les données à base annuelle sont disponibles pour la période 2017 à 2024. Les valeurs sont compilées à partir des données collectées de l’Enquête Agricole Annuelle (EAA). L’enquête agricole est une opération statistique annuelle dont l’objectif général est d’estimer le niveau des principales productions agricoles des exploitations agricoles de type familial. Elle permet également de fournir des informations sur les caractéristiques physiques des parcelles cultivées (géo localisation, superficie) et les investissements majeurs réalisés à leur niveau (intrants agricoles, opérations culturales, gestion et restauration des sols). L’EAA suit une approche modulaire qui lui permet de prendre en compte des dimensions économiques et environnementales des exploitations agricoles (niveau d’équipement agricole, revenu agricole, risques agricoles et stratégies d’adaptation, etc.) selon un plan rotatif pluriannuel. Pour en savoir plus sur les métadonnées.
psrrig;;;;;;;
puummg;;;;;;;indicateurs sur l'emploi, le chômage et l'activité
pvfxije;;;;;;;Ces données sont issues du rapport d’analyse des données minières de 2021.
pvhotoe;;;;;;;Ces indicateurs ont été calculer pour évaluer et quantifier les valeurs économiques des externalités négatives des transports terrestres (routier et ferroviaire) dans la région de Dakar (y compris estimer les coûts monétaires rapportés au Produit Intérieur Brut -PIB).
pvswjnd;;;;;;;Données issues du rapport de présentation des résultats préliminaires du RGPH-5, 2023
pwadoxg;;;;;;;Données issues des recensements (RGPH) : 2002, 2013 et 2023.
pwovlie;;;;;;;La production d'énergie électrique en GWh des centrale d'énergie renouvelable au Sénégal
pwtzlvg;;;;;;;"Ce jeu de données représente la proportion de ménages ayant une consommation alimentaire inadéquate (c'est à dire qui appartiennent aux catégories limite ou pauvre des groupes de consommation alimentaire) basée sur le score de consommation alimentaire (SCA). Ils ont un score de consommation alimentaire inférieur à 42 (sachant que le SCA est majoré à 112). Ces ménages consomment moins d'aliments riches en protéines animales (viandes, poissons, œufs, lait) et végétales (arachides, haricot, lentilles, etc.). Le ""score de consommation alimentaire du ménage"" encore appelé SCA ou FCS est un indicateur proxy de la sécurité alimentaire des ménages. Il mesure la diversité du régime alimentaire, la fréquence de consommation et l’importance nutritionnelle des aliments consommés. Son calcul prend en compte huit (8) groupes d'aliments. L'indicateur HDDS (SDAM) prend en compte douze (12) groupes d'aliments : 1. Céréales et tubercules 2. Légumineuses 3. Légumes, oléagineux et feuilles vertes 4. Fruits et produits fruités 5. Viandes-Poissons-Œufs 6. Lait et autres produits laitiers 7. Huiles et autres produits gras 8. Sucre et autres produits sucrés Ainsi, chaque ménage a un score compris entre 0 et 112 selon les groupes d'aliments consommés lors des 7 derniers jours ayant précédé le passage de l'agent enquêteur."
pykrorg;Nombre et pourcentage de personnes en insécurité alimentaire;Il s'agit des données sur le nombre et le pourcentage de personnes en insécurité alimentaire (de la phase sous pression aux phases plus sévères);Donnée intégrée;Secrétariat Technique du Conseil national de la Sécurité Alimentaire;Le pourcentage de personnes en situation d'insécurité alimentaire (de la phase sous pression aux phases plus sévères) est obtenus selon le Cadre harmonisé (CH). Le CH est un outil sahélien et ouest-africain d’analyse et d’identification des zones à risque et des populations victimes d’insécurité alimentaire et nutritionnelle. S’appuyant sur les différents systèmes d’information nationaux, cet outil d’alerte précoce permet d’informer la prise de décision afin d’apporter les réponses aux crises alimentaires et nutritionnelles et de mettre en œuvre des actions de renforcement de la résilience;;
pyojglb;;;;;;;
pzhbwx;;;;;;;Etat des adhésions des membres et des déclarations à la Société de Gestion Collective du Droit d’Auteur et des Droits Voisins (SODAV) par catégorie de 2007 à 2013
qbvnejd;;;;;;;"Les données sont issues du Recensement général de la Population, de l'Habitat, de l'Agriculture et de l'Elevage ""RGPHAE"" réalisé en 2013."
qbvttzc;;;;;;;Ce jeu de données est issu de la base de données de la Direction générale des Transports terrestres. Il met en exergue l'évolution des parc de véhicule par type et par région.
qguwmb;;;;;;;Données publiées dans la Banque de Données des Indicateurs Sociaux(BADIS, 2018)
qjyrtof;;;;;;;Données issues des enquêtes EDS.
qmghaid;;;;;;;"Les forêts jouent un rôle fondamental dans la régulation du climat, la protection des terres contre l’érosion, ce qui rend obligatoire leur conservation et leur développement. Pour joindre ces deux objectifs souvent contradictoires, l’aménagement forestier à travers ses principes et règles constitue aujourd’hui une des solutions unanimement reconnues et acceptées. Ainsi les activités d’aménagement s’inscrivent dans le Programme 1 « Lutte contre la déforestation et la dégradation des terres » de de la Lettre de Politique du Secteur de l’Environnement et du développement Durable 2016-2020. La politique actuelle vise essentiellement à conserver le potentiel forestier par la gestion durable et à travers l’élaboration et la mise en œuvre de plans d’aménagement et de gestion participatifs des ressources forestières. Elle est conduite dans le souci de :Respecter les conventions internationales signées par l’État du Sénégal ;Respecter la loi sur la décentralisation, ;Réduire la pauvreté."
qmouskf;;;;;;;
qnpssc;;;;;;;AFFECTATION DE LA CROISSANCE AUX EMPLOIS DU PRODUIT INTERIEUR BRUT (série 1980-2014). Jusqu’en 2014, le Sénégal publiait des comptes nationaux de base 1999, suivant le Système de Comptabilité Nationale de 1993 (SCN93). 2014 est la nouvelle année de base des comptes nationaux.
qqjyoh;;;;;;;
qrbsrjf;Importations - Exportations par catégories de produits;Les exportations représentent toutes les enregistrements de marchandises qui diminuent le stock des ressources matérielles d'un pays en quittant son territoire économique. - Les importations représentent toutes les enregistrements de marchandises qui augmentent le stock des ressources matérielles d'un pays en entrant sur son territoire économique;Source administrative;Enregistrements de la Douane;Correction des données administratives, Compilation et traitement. Les exportations sont exprimées en valeur FAB (Franco A Bord, coût de la marchandise à son point de sortie du Sénégal);;
qrnvwbc;;;;;;;
qtkazb;;;;;;;Le taux de motorisation (individu) correspond au nombre de véhicules possédés par les ménages pour 1000 habitants. Le taux de motorisation (ménage) correspond au nombre de véhicules possédés pour 1000 ménages
qtreoj;Production animale (abattage, viande, œuf et lait);La production de viande correspond à l'abattage d'animaux destiné à la consommation humaine. La production d'œufs désigne la quantité totale d'œufs produits sur le territoire national par les élevages avicoles et destinée principalement à la consommation humaine. La production de lait désigne la quantité totale de lait cru produite sur le territoire national par les animaux laitiers;Source administrative;;;;
qubfsqb;;;;;;;
qwkeybg;;;;;;;
qxbaifd;;;;;;;Evolution des exportations des principaux produits horticoles (en tonne)
qzvvpic;;;;;;;Evolution du Taux Brut de Scolarisation par régions
rcyvruc;Indicateurs de connectivité;Le pourcentage d'individus utilisant internet est un indicateur qui mesure le pourcentage d'individus utilisant internet dans les 12 mois précédents pour les personnes âgées de 15 à 49 ans. - Le pourcentage d'individus disposant d'un téléphone portable est un indicateur qui mesure le pourcentage d'individus disposant d'un téléphone portable pour les personnes âgées de 15 à 49 ans;Enquête;Enquêtes Démographiques et de Santé Continue (EDS-C) EDS-C 2017-2019, EDS-Continue (EDS-C) 2021 et 2023;Le pourcentage d'individus utilisant internet est obtenu en rapportant le nombre d'individus utilisant internet dans les 12 mois précédents l'enquête par le nombre total d'individus de 15 à 49 ans. - Le pourcentage d'individus disposant d'un téléphone portable est obtenu en rapportant le nombre d'individus disposant d'un téléphone portable par le nombre total d'individus de 15 à 49 ans;Pour l'année 2024, la valeur est obtenu à partir de l'enquête nationale sur les technologies de l'information et de la communication au Sénégal (ENTICS 2024). Il ne prend pas en compte la référence des 12 derniers mois et la restriction d'âge de 15 - 49 ans;
rfegvpb;;;;;;;Données publiées dans la Banque de Données des Indicateurs Sociaux (BADIS, 2018)
rglapdc;;;;;;;
rgohtcc;Produit Intérieur Brut (Base 2014 et Base 2021) : approche production, dépenses et revenu;Le produit intérieur brut (PIB) mesure la valeur totale des biens et services finaux produits sur le territoire économique d'un pays au cours d'une période donnée. Il constitue l'un des principaux indicateurs de l'activité économique. Le PIB nominal évalue cette production aux prix courants, tandis que le PIB réel la mesure aux prix constants, ce qui permet d'analyser l'évolution de l'activité économique dans le temps en neutralisant l'effet des variations de prix (inflation ou déflation). - Le Produit Intérieur Brut (PIB) selon l'approche de la production est une méthode de calcul qui mesure la valeur ajoutée brute générée par toutes les unités de production résidentes dans une économie. - Le Produit Intérieur Brut (PIB) selon l'approche des dépenses est une méthode de calcul qui mesure la valeur totale des dépenses finales effectuées dans une économie. Cette approche est basée sur l'idée que le PIB peut être calculé en additionnant toutes les dépenses finales sur les biens et services produits dans une économie, y compris les exportations nettes. - Le Produit Intérieur Brut (PIB) selon l'approche des revenus est une méthode de calcul qui mesure le total des revenus générés par la production de biens et services dans une économie. Cette approche met l'accent sur les revenus perçus par les différents facteurs de production;Donnée intégrée;Sources administratives et enquêtes sectoriels lors des années de base (enquête sur le secteur informel, enquête sur le transport informel, enquête sur les marges de commerce et de transport, etc.);PIB approche production= somme des VAB + impôts sur les produits - subventions sur les produits - PIB approche dépense = Consommation finale (privée et publique) + FBCF+ Variations de stocks + Acquisitions nettes de cessions d'objet de valeur + Exportations - Importations - PIB approche revenu = Rémunération des employés + Excédent brut d'exploitation + Revenu mixte brut + Taxes sur la production et les importations - Subventions;"Le Sénégal a procédé à un changement de l'année de base de ses comptes nationaux, passant de 2014 à 2021. Cette opération de rebasage répond à plusieurs objectifs tels que (i) l’ancienneté de la base alors que les recommandations internationales portent sur la révision de l’année de base tous les 5 ans dans les pays économiquement avancés et tous les 10 ans maximum ; (ii) les mutations de l’économie entrainant un changement de structure ; et (iii) le besoin d’une meilleure couverture économique. Dans ce cadre, l'Agence nationale de la Statistique et de la Démographie (ANSD) a élaboré les comptes nationaux conformément aux recommandations du Système de comptabilité nationale de 2008 (SCN 2008) pour les années 2021 à 2024. Les travaux de rétropolation des comptes nationaux pour la période 2014-2020 sont en cours afin d'assurer la cohérence des séries chronologiques. Les données de 2023 (année de base 2014) et de 2024 (année de base 2021) sont semi-définitives";
rjiaohd;;;;;;;La Banque de Données des Indicateurs Sociaux (BADIS) constitue un instrument important dans le dispositif actuel du système d’informations statistiques du pays. C’est l’un des rares outils, pour ne pas dire le seul, à disposer de données de sources administratives permettant une analyse longitudinale sur différents secteurs tels que : - l’éducation, - la santé, - la population, - les prix, - l’agriculture, - la dette extérieure, - l’emploi, - le cadre de vie (électricité, eau, téléphone, logement), - les comptes nationaux. Elle est composée pour l’essentiel d’un ensemble d’indicateurs économiques et sociaux qui couvrent une période de plus de vingt ans. En effet, les informations sont disponibles dans la plupart des cas depuis 1970. Elle comporte plus de 2000 séries chronologiques réparties dans les différents thèmes évoqués. Avec le Tableau de Bord de la Situation sociale du Sénégal (TBSS), ils forment les principaux éléments du système d’information sur lequel repose l’observatoire complet que l’ANSD en collaboration avec les partenaires au développement envisage de mettre en place. Cet observatoire intégrerait et harmoniserait différentes sources de données à la pauvreté, aux conditions de vie des ménages et au développement humain. Elle est complétée par des métadonnées correspondant en quelque sorte à un recueil des fiches explicatives des différents indicateurs présentés dans la BADIS.
rkcicq;;;;;;;Ce jeu de données présente des informations sur les méthodes de production animale. Les indicateurs sont générés à partir des données collectées de l’Enquête Agricole Annuelle (EAA). L’enquête agricole est une opération statistique annuelle dont l’objectif général est d’estimer le niveau des principales productions agricoles des exploitations agricoles de type familial. Elle permet également de fournir des informations sur des caractéristiques physiques des parcelles cultivées (géo localisation, superficie) et des investissements majeurs réalisés à leur niveau (intrants agricoles, opérations culturales, gestion et restauration des sols). L’EAA suit une approche modulaire qui lui permet de prendre en compte des dimensions économiques et environnementales des exploitations agricoles (niveau d’équipement agricole, revenu agricole, risques agricoles et stratégies d’adaptation, etc.) selon un plan rotatif pluriannuel. Pour en savoir plus: Métadonnées
rnumqzf;Effectif de la population;C'est le nombre total de personnes résidant habituellement dans une zone géographique donnée à une date de référence;Données integrées;Estimations de population rétropolées à partir des résultats du Recensement Général de la Population et de l'Habitat, de l'Agriculture et de l'Élevage (RGPHAE 2013) et du cinquième Recensement Général de la Population et de l'Habitat (RGPH-5 2023);"Les effectifs de population ont été estimés par rétropolation à partir des résultats du RGPHAE 2013 et du RGPH-5 2023. La rétropolation a été réalisée par région et sexe, en appliquant le taux d'accroissement démographique annuel moyen observé entre les deux recensements afin d'estimer les effectifs pour les années intermédiaires. Les effectifs nationaux sont ensuite obtenus par agrégation des effectifs estimés de l'ensemble des régions. L'année 2023 est un dénombrement direct du RGPH-5 (2023) Pour les années 2024 et 2025, les projections démographiques nationales du Sénégal (2023-2073), incluant les années 2024 et 2025, sont établies selon la méthode des composantes, à l'aide du logiciel SPECTRUM/DemProj, conformément au rapport ANSD ""Projections démographiques du Sénégal 2023-2073"". La population de base utilisée est celle issue du RGPH-5 2023, désagrégée par âge et par sexe. Lien : https://www.ansd.sn/sites/default/files/2024-12/Projections-demographiques_2023-2073-.pdf";Ils reposent sur l'application d'un taux d'accroissement annuel moyen par région et par sexe et sont donc susceptibles de ne pas refléter les fluctuations démographiques réelles observées au cours de la période intercensitaire. La répartition des effectifs par groupe d'âge est provisoire et pourra être révisée lors de la diffusion des estimations démographiques définitives;
roplwif;;;;;;;Ces données sont issues du rapport d’analyse des données minières de 2021.
rrvcru;;;;;;;
rtekraf;;;;;;;Ces statistiques sont conjointement produites par l'ANSD et le PEPAM (Programme d'Eau Potable et d'Assainissement du Millenaire)
rwwiyle;;;;;;;Le taux de congestion est la différence entre le temps moyen en circulation avec le minimum observé toutes périodes confondues (encore dénommé temps à vide) rapporté au temps en circulation réel observé. Cet indicateur correspond donc à la part du temps passé en congestion par rapport au temps de parcours total.
rxerpbb;;;;;;;"Définition : Le commerce spécial à l'importation enregistre les marchandises en provenance de l'extérieur déclarées pour la consommation intérieure, acceptées en admission temporaire, acceptées en importation temporaire, entrées en entrepôt industriel, entrées en usine exercée (usine sous douane). Méthodologie : Le traitement des données du commerce extérieur est effectué en référence à la décision N° 06/96/CM/UEMOA du 14 mai 1996 portant création et codification des régimes douaniers, statistiques et fiscaux dans l’UEMOA et au règlement N° 03/2004/CM/UEMOA du 05 juillet 2004 fixant les modalités d’élaboration des statistiques du commerce extérieur des États membres de l’UEMOA. Les statistiques du commerce extérieur sont ventilées par produit selon la nomenclature internationale du Système harmonisé (code à 10 chiffres) et conformément au tableau du pays partenaire (origine, destination). Un Comité du suivi des statistiques du commerce extérieur, comprenant les représentants de l’Agence nationale de la BCEAO, l’ANSD, de la DTAI, de la DGD et de la Direction du Commerce Extérieur, a été créé pour statuer régulièrement sur les problèmes liés à la production des données. Ce comité se réunit actuellement en cas de besoin. Les données diffusées pour le commerce extérieur du Sénégal correspondent aux statistiques du commerce spécial (exportations FAB (Franco à bord), importations CAF (Coût Assurance fret)), tel que défini dans la norme mondiale de l’ONU sur les statistiques de commerce extérieur. Le Système harmonisé (SH) de l’organisation mondiale de la douane (OMD) est nomenclature utilisée pour l’enregistrement des produits. Champ : Les statistiques du commerce extérieur enregistrent l'ensemble des échanges de marchandises effectués entre un ""territoire statistique"" déterminé et chacun des autres ""territoires statistiques. Par ""territoire statistique"", il faut entendre tout territoire soumis à un même contrôle douanier. En pratique, les territoires statistiques sont identifiés par des codes géographiques. L’ANSD collecte, produit et diffuse les statistiques officielles du commerce extérieur à partir des données brutes fournies par la Direction Générale des Douanes du Ministère de l'Économie, des Finances et du Plan sur une base mensuelle."
rxstfjb;;;;;;;
rymzwpb;;;;;;;Les zones amodiées : ce sont des territoires de chasse loués par l’Etat à des tierces personnes. Elles abritent exclusivement les chasseurs touristes. La chasse s’y pratique tous les jours durant la campagne de chasse. L’amodiataire est habilité à y faire chasser ses clients. Les conditions sont régies par un arrêté fixant les modalités d’exercice de la chasse de la saison en cours. L’exploitation de la grande faune s’y effectue également à travers un quota défini par l’Arrêté
rzjjtyd;;;;;;;La Note sur le PIB trimestriel est une publication qui fait la synthèse de l’évolution récente de l’activité économique du Sénégal. Le PIB est calculé en partant d’un regroupement des branches de la Nomenclature d’Activités des États Membres d’AFRISTAT (NAEMA). Il est évalué en valeur aux prix courants et en volumes chainés (avec l’année de référence 2014, année de base des comptes nationaux annuels selon le SCN 2008). Les approches utilisées sont celles de la production et des emplois. Elles reposent sur la disponibilité d’un ensemble minimum de statistiques conjoncturelles sur les branches d’activités économiques. La méthodologie de l’étalonnage-calage fondée sur l’approche numérique (Denton) et celle par modélisation (Cholette-Dagum) a été retenue. L’approche par double déflation est utilisée. Sauf indication contraire, les analyses vont porter sur les données corrigées des variations saisonnières (CVS). La note sur le PIB trimestriel est publiée au plus tard quatre-vingt-dix jours. (90) jours après le trimestre sous revue.
rzryrsg;;;;;;;
sbsryhc;;;;;;;
scxsqde;;;;;;;La Banque de Données des Indicateurs Sociaux (BADIS) constitue un instrument important dans le dispositif actuel du système d’informations statistiques du pays. C’est l’un des rares outils, pour ne pas dire le seul, à disposer de données de sources administratives permettant une analyse longitudinale sur différents secteurs tels que : - l’éducation, - la santé, - la population, - les prix, - l’agriculture, - la dette extérieure, - l’emploi, - le cadre de vie (électricité, eau, téléphone, logement), - les comptes nationaux. Elle est composée pour l’essentiel d’un ensemble d’indicateurs économiques et sociaux qui couvrent une période de plus de vingt ans. En effet, les informations sont disponibles dans la plupart des cas depuis 1970. Elle comporte plus de 2000 séries chronologiques réparties dans les différents thèmes évoqués. Avec le Tableau de Bord de la Situation sociale du Sénégal (TBSS), ils forment les principaux éléments du système d’information sur lequel repose l’observatoire complet que l’ANSD en collaboration avec les partenaires au développement envisage de mettre en place. Cet observatoire intégrerait et harmoniserait différentes sources de données à la pauvreté, aux conditions de vie des ménages et au développement humain. Elle est complétée par des métadonnées correspondant en quelque sorte à un recueil des fiches explicatives des différents indicateurs présentés dans la BADIS.
sdwnpyf;;;;;;;Au Sénégal, le suivi des feux de brousse est assuré par la DEFCCS. Les feux de brousse sont l’un des principaux facteurs de dégradation des formations forestières au Sénégal. Leur origine est surtout anthropique (défrichements, récoltes de miel, carbonisation, chasse, aménagements, élevage, accidents). En plus de la destruction massive du capital ligneux et faunique, ils détruisent les sols suite à la disparition de l’humus et des matières organiques, épuisant les potentialités agronomiques des terres, contribuant ainsi à l’insécurité alimentaire.
sehuhqg;;;;;;;Ce jeu de données met en relief le bilan général des accidents de la circulation suivant la nature des accidents par rapport au nombre de sorties par groupement d'incendies et de secours ( GIS)
sfpfsbc;;;;;;;Evolution de la population du Sénégal de 2002 à 2020 selon les groupes d'âges
sfuarzb;;;;;;;Le tableau sur les agrégats de monnaie montre la situation de la masse monétaire (les moyens de paiement et les actifs financiers qui peuvent être rapidement et facilement transformés en moyens de paiement sans risque important de perte en capital. Elle appelle la notion de liquidité et est présentée sous forme de deux agrégats, à savoir la masse monétaire au sens large M2 et la masse monétaire au sens étroit M1) et de ses contreparties.
sfxudug;Indices de bien-être;Quintile le plus bas : Moyenne de l'indice de Gini pour les ménages du premier quintile de bien-être, le plus bas - Second quintile : Moyenne de l'indice de Gini pour les ménages du deuxième quintile de bien-être - Quintile moyen : Moyenne de l'indice de Gini pour les ménages du troisième quintile de bien-être, le plus bas - Quatrième quintile : Moyenne de l'indice de Gini pour les ménages du quatrième quintile de bien-être, le plus bas - Quintile le plus élevé : Moyenne de l'indice de Gini pour les ménages du cinquième quintile de bien-être, le plus élevé;Enquête;Enquête démographiques et de Santé (EDS);"L’indice de bien-être économique est construit à partir des données sur les biens des ménages et sur certaines caractéristiques du logement (électricité, type d’approvisionnement en eau, type de toilettes, matériau de revêtement du sol, etc.) collectées dans le questionnaire ménage de l’EDS-Continue 2013-2014 et en utilisant l’analyse en composante principale. On a affecté à chacun de ces biens et caractéristiques un poids (score ou coefficient) généré à partir d’une analyse en composante principale. Les scores des biens qui en résultent sont standardisés selon une distribution normale standard de moyenne 0 et d’écart type 1 (Gwatkin et al, 2000). On a attribué ensuite à chaque ménage un score pour chaque bien et on a fait la somme de tous les scores par ménage ; les individus sont classés en fonction du score total du ménage dans lequel ils résident. L’échantillon est ensuite divisé en quintile de population, chaque quintile correspondant à un niveau allant de 1 (le plus bas) à 5 (le plus élevé).6. Observations sur la série NEANT";;
sjjaotf;;;;;;;Les six principales espèces prélevées sont les Canards, les Columbidés, les Francolins, les Gangas, les Phacochères et les Pintades Elles font objet de suivis annuels
slswqvb;;;;;;;lycées et collèges construits
smcofug;Quotient de mortalité infantile et infanto-juvénile;Le quotient de mortalité infantile (1q0) est la probabilité qu'un enfant né vivant décède avant d'atteindre son premier anniversaire. Il Mesure le risque de décès entre la naissance et l'âge exact de 1 an et est exprimé en nombre de décès pour 1 000 naissances vivantes (‰). - Le quotient de mortalité infanto-juvénile (5q0) est la probabilité qu'un enfant né vivant décède avant d'atteindre son cinquième anniversaire. Il est exprimé en nombre de décès pour 1 000 naissances vivantes (‰);Enquête;Enquêtes Démographiques et de Santé Continue EDS-C 2016-2019, et EDS-Continue 2023;Le quotient de mortalité infantile (1q0) est calculé selon la méthode des tables de survie appliquée aux historiques de naissances collectés dans le questionnaire femme de l'EDS-Continue. Il combine les quotients de mortalité néonatale (0-1 mois) et post-néonatale (1-12 mois) pour estimer la probabilité qu'un enfant né vivant décède avant son premier anniversaire. - Le 5q0 résulte de la composition actuarielle exacte 5q0 = 1−[(1−1q0)×(1−4q1)], que l'on peut approximer par 5q0 ≈ 1q0 + 4q1 dans la mesure où le terme de produit croisé est négligeable aux niveaux de mortalité observés au Sénégal. - Le quotient de mortalité juvénile (4q1) est calculé selon la méthode des tables de survie, à partir de l'historique des naissances collecté dans le questionnaire femme de l'EDS-Continue;Une période de référence de 10 ans a été utilisée pour l'ensemble des caractéristiques sociodémographiques afin de conserver le même ensemble d'observations dans toutes les désagrégations et de garantir des effectifs suffisants pour produire des estimations fiables, en particulier au niveau régional. Le creux observé pour les années 2020, 2021 et 2022 est lié au Covid-19 qui a empêcjé la tenue de l'enquête;
sncktqe;;;;;;;Ce jeux de données renseigne sur la disponibilité des aliments en quantité (kg/pers/an) en énergie alimentaire kcal (g/pers/an) et en protéines (g/pers/an) au niveau national.
swqktu;;;;;;;Transformation artisanale des produits de la pêche par type de produits
syfjppe;;;;;;;regroupe l'ensemble des indicateurs relatifs à la justice.
taboofg;;;;;;;Ces données issues de tableaux sur les indicateurs macroéconomiques, le produit intérieur brut et ses emplois ainsi que sur les agrégats par produit. Les informations sont données aux prix courants et en volume aux prix chainés (base 100 = 2014) pour les trois dernières années.
tatwwbc;;;;;;;
tcgcouc;;;;;;;La Banque de Données des Indicateurs Sociaux (BADIS) constitue un instrument important dans le dispositif actuel du système d’informations statistiques du pays. C’est l’un des rares outils, pour ne pas dire le seul, à disposer de données de sources administratives permettant une analyse longitudinale sur différents secteurs tels que : - l’éducation, - la santé, - la population, - les prix, - l’agriculture, - la dette extérieure, - l’emploi, - le cadre de vie (électricité, eau, téléphone, logement), - les comptes nationaux. Elle est composée pour l’essentiel d’un ensemble d’indicateurs économiques et sociaux qui couvrent une période de plus de vingt ans. En effet, les informations sont disponibles dans la plupart des cas depuis 1970. Elle comporte plus de 2000 séries chronologiques réparties dans les différents thèmes évoqués. Avec le Tableau de Bord de la Situation sociale du Sénégal (TBSS), ils forment les principaux éléments du système d’information sur lequel repose l’observatoire complet que l’ANSD en collaboration avec les partenaires au développement envisage de mettre en place. Cet observatoire intégrerait et harmoniserait différentes sources de données à la pauvreté, aux conditions de vie des ménages et au développement humain. Elle est complétée par des métadonnées correspondant en quelque sorte à un recueil des fiches explicatives des différents indicateurs présentés dans la BADIS.
thdeutd;Aires protégées;L'Union Internationale pour la Conservation de la Nature (UICN) définit une aire protégée comme « un espace géographique clairement défini, reconnu, consacré et géré, par tout moyen efficace, juridique ou autre, afin d'assurer à long terme la conservation de la nature ainsi que les services écosystémiques et les valeurs culturelles qui lui sont associés »;Source administrative;;Parmi les aires protégées, seules les forêts classées ont connu une évolution durant ces 5 dernières années en 2021 et 2025;;
thtvbnb;;;;;;;Données sur les produits énergétiques
tkbvlff;;;;;;;Grâce et Aménagement de peine
tlmnhy;;;;;;;"Ces données sont extraites de la Banque de Données Économiques et Financières (BDEF). La BDEF est une publication qui est issue de l’exploitation des documents de fin d’exercice fournis au Centre Unique de Collecte d’Information (CUCI) par les entreprises soumises au plan comptable SYSCOA. Elle informe sur l’activité des entreprises à travers des tableaux de : Bilan (actif et passif) Comptes de résultats (charges et produits) Ratios de gestion et structure financière Soldes caractéristiques du tableau financier des ressources et des emplois Les informations sont fournies pour l’ensemble du secteur dit moderne ; quatre macro secteurs ; neuf groupes de secteurs et trente cinq secteurs d’activités. Les informations sont disponibles pour les sept dernières années."
tnmoked;Nombre de personnes écrouées;Nombre total de personnes inscrites au régistre d'écrou dans l'année. Il concerne toute personne placée sous main de justice en détention, prévenue ou condamnée;Source administrative;Enregistrements des instances de la justice;Nombre total de personnes écrouées dans l'année;;
trwrkje;;;;;;;L’Agence Nationale de la Statistique et de la Démographie (ANSD) met à votre disposition cette note trimestrielle sur les indices des Prix de Production des Services (IPPS). Ces indices couvrent les services de transport et d’entreposage, d’hébergement et de restauration, de soutien et de bureau, spécialisés, scientifiques et techniques ainsi que ceux immobiliers. La nomenclature d’activités et de produits utilisée est celle des Etats membres d’AFRISTAT (NAEMA rev.1). L’échantillon est tiré au niveau du répertoire des entreprises de l’ANSD. Les indices sont de type Laspeyres, à pondération par la valeur ajoutée des entreprises à l’année de base. L’indice est publié au plus tard 60 jours après la fin du trimestre sous revue. Voir la Note méthodologique de l’Indice des Prix de Production des Services (IPPS)
tsghpfc;;;;;;;L’Agence nationale de la Statistique et de la Démographie (ANSD) calcule et met à la disposition des utilisateurs l’Indice Harmonisé des Prix à la Consommation (IHPC), qui sert à mesurer l’évolution des prix à la consommation à l’échelle nationale, avec une base de 100 en 2023. Pour son calcul, les indices de Young sont privilégiés plutôt que ceux de Laspeyres, et les pondérations utilisées sont issues de l’Enquête Harmonisée sur les Conditions de Vie des Ménages (EHCVM 2021-2022). L’IHPC couvre l’ensemble du territoire national, divisé en six zones écologiques et économiques : le Sud, le Nord, le Centre Nord, l’Ouest, le Centre Sud, représentées respectivement par Kolda, Saint Louis, Diourbel, Dakar, Thiès et Kaolack. La collecte des prix est effectuée dans les zones urbaines et rurales de ces régions. L’indice est structuré selon la nomenclature de consommation ouest africaine (NCOA) 2018, tirée de la classification des fonctions de consommation des ménages (COICOP) 2018 à 13 divisions de consommation. La méthodologie de calcul est harmonisée dans les huit Etats membres de l’UEMOA. La publication de l’IHPC d’un mois donné intervient au plus tard le 10 du mois suivant.
tusrwld;;;;;;;Dans la politique de gestion forestière, toute infraction fait office de Procès-verbal (PV) qui peut aboutir à des transactions selon la nature et le degré de l’infraction et éventuellement une vente des produits saisies. C’est ce qui constitue les recettes du contentieux détaillées suivant chaque région.
tvwpyn;;;;;;;Ces données issues de tableaux sur les indicateurs macroéconomiques, le produit intérieur brut et ses emplois ainsi que sur les agrégats par produit. Les informations sont données aux prix courants et en volume aux prix chainés (base 100 = 2014) pour les trois dernières années.
tymbvab;;;;;;;La Banque de Données des Indicateurs Sociaux (BADIS) constitue un instrument important dans le dispositif actuel du système d’informations statistiques du pays. C’est l’un des rares outils, pour ne pas dire le seul, à disposer de données de sources administratives permettant une analyse longitudinale sur différents secteurs tels que : - l’éducation, - la santé, - la population, - les prix, - l’agriculture, - la dette extérieure, - l’emploi, - le cadre de vie (électricité, eau, téléphone, logement), - les comptes nationaux. Elle est composée pour l’essentiel d’un ensemble d’indicateurs économiques et sociaux qui couvrent une période de plus de vingt ans. En effet, les informations sont disponibles dans la plupart des cas depuis 1970. Elle comporte plus de 2000 séries chronologiques réparties dans les différents thèmes évoqués. Avec le Tableau de Bord de la Situation sociale du Sénégal (TBSS), ils forment les principaux éléments du système d’information sur lequel repose l’observatoire complet que l’ANSD en collaboration avec les partenaires au développement envisage de mettre en place. Cet observatoire intégrerait et harmoniserait différentes sources de données à la pauvreté, aux conditions de vie des ménages et au développement humain. Elle est complétée par des métadonnées correspondant en quelque sorte à un recueil des fiches explicatives des différents indicateurs présentés dans la BADIS.
tzexqff;;;;;;;Ces données issues de tableaux sur les indicateurs macroéconomiques, le produit intérieur brut et ses emplois ainsi que sur les agrégats par produit. Les informations sont données aux prix courants et en volume aux prix chainés (base 100 = 2014) pour les trois dernières années.
tznwtjc;;;;;;;Elle est composé de deux indicateurs : l’effectif carcéral à l’année n-1 et l’ensemble des écroués de l’année n. Le tout constitutif la population pénale à une année donnée. Sources : rapport d’activités et statistiques de la Direction de l’Administration pénitentiaire.
tzxnrhd;;;;;;;Le réseau routier national concentre plus de 90% des besoins de transport du pays. Il constitue la colonne vertébrale du transport de personnes et de marchandises, le principal moyen de connexion entre les différentes localités et favorise les échanges entre le Sénégal et les pays limitrophes. La gestion du réseau est scindée en deux parties : Le réseau routier classé (Route nationale, route régionale, route départementale, voirie à grande circulation) géré par l’Etat à travers l’AGEROUTE et le réseau non classé (voirie urbaine et pistes rurales) géré par les collectivités territoriales.
ubmgyjc;;;;;;;Ce jeu de données présente la répartition du parc de véhicule par tranche d'âge et par catégorie. Ces données sont issues de la base de données de la Direction générale des Transports terrestres.
ubwdiof;;;;;;;Ce jeu de données présente des informations sur les caractéristiques sociodémographiques des chefs de ménages agricoles. L’information est ventilée par région et par sexe. Les données sur base annuelle sont disponibles pour la période 2017 à 2024. Les valeurs sont compilées à partir des données collectées de l’Enquête Agricole Annuelle (EAA). L’enquête agricole est une opération statistique annuelle dont l’objectif général est d’estimer le niveau des principales productions agricoles des exploitations agricoles de type familial. Elle permet également de fournir des informations sur des caractéristiques physiques des parcelles cultivées (géo localisation, superficie) et les investissements majeurs réalisés à leur niveau (intrants agricoles, opérations culturales, gestion et restauration des sols). L’EAA suit une approche modulaire qui lui permet de prendre en compte des dimensions économiques et environnementales des exploitations agricoles (niveau d’équipement agricole, revenu agricole, risques agricoles et stratégies d’adaptation, etc.) selon un plan rotatif pluriannuel. Pour en savoir plus sur les métadonnées.
uipcgjd;;;;;;;Cette base présente les importations par branche d'activité
uisbetb;;;;;;;Ces jeu de données montre la répartition de la capacité par type d'hébergement et par pôle
umpwrx;Naissances chez les adolescentes;Taux (‰) de fécondité des adolescentes (10-14 ans) : Le taux de fécondité des adolescentes de 10 à 14 ans correspond au nombre de naissances vivantes pour 1 000 filles âgées de 10 à 14 ans pendant une période de référence donnée. Il mesure l’intensité de la fécondité précoce chez les très jeunes adolescentes. - Taux (‰) de fécondité des adolescentes (15-19 ans) : Le taux de fécondité des adolescentes de 15 à 19 ans représente le nombre de naissances vivantes pour 1 000 adolescentes âgées de 15 à 19 ans au cours d’une période de référence donnée (généralement les trois années précédant l’enquête dans les EDS). Cet indicateur mesure le niveau de fécondité précoce chez les adolescentes;Enquête;Enquêtes Démographiques et de Santé Continue EDS-C 2016-2019, et EDS-Continue 2023;Naissances chez les adolescentes : (Naissances vivantes issues de femmes 10-14 ans durant la période de référence / Personnes-années d'exposition des femmes 10-14 ans durant la même période) × 1 000 - Taux (‰) de fécondité des adolescentes (15-19 ans) : (Naissances vivantes issues de femmes 15-19 ans durant la période de référence / Personnes-années d'exposition des femmes 15-19 ans durant la même période) × 1 000;"Les taux correspondent à la période de 1–36 mois précédant l’enquête. Les taux pour le groupe d’âges 10–14 ans sont basés sur des données rétrospectives provenant des femmes âgées de 15–17 ans. Pour l'année 2020, le taux de fécondité des adolescents 10-14 ans et des adolescents 15-19 ans est obtenu à partir de l'enquête sur les indicateurs du Paludisme au Sénégal (EIPS) 2020-2021; Le mode de calcul de l'indicateur est identique sur toute la série";
uregbac;;;;;;;
uunhncd;;;;;;;Les données couvrent la période de 2012 à 2023, avec des données définitives allant de 2012 à 2020 et des données provisoires pour les années suivantes.
uxlwxge;Personnel de santé par catégorie professionnelle;C'est un indicateur qui mesure l'effectif des ressources humaines travaillant dans le secteur de la santé sur un territoire donné, pour une période de référence;source administrative;Collecte administrative routinière;Dénombrement;Les données relatives au nombre de personnels de santé pour les années 2023 et 2024 sont provisoires et en cours de validation par le MSHP;
uzptmtd;;;;;;;Ces données de projection sont issues du Recensement général de la population, de l'habitat, de l'agriculture et de l'élevage (RGPHAE-2013)
vcvtdsf;Taux d'électrification rurale;Le taux d'électrification rural est le rapport entre le nombre de ménages ruraux électrifiés et le nombre total de ménage ruraux;Source administrative;Ministre de l'Énergie, du Pétrole et des Mines;C'est le rapport entre le nombre de ménages ruraux électrifiés et le nombre total de ménage ruraux;;
vehvwod;;;;;;;
veyruse;;;;;;;Exportations de produits halieutiques (en tonnes)
vihpdpe;;;;;;;La répartition du PIB suivant les principales utilisées faites. Jusqu’en 2014, le Sénégal publiait des comptes nationaux de base 1999, suivant le Système de Comptabilité Nationale de 1993 (SCN93). 2014 est la nouvelle année de base des comptes nationaux.
vjouas;;;;;;;La Banque de Données des Indicateurs Sociaux (BADIS) constitue un instrument important dans le dispositif actuel du système d’informations statistiques du pays. C’est l’un des rares outils, pour ne pas dire le seul, à disposer de données de sources administratives permettant une analyse longitudinale sur différents secteurs tels que : - l’éducation, - la santé, - la population, - les prix, - l’agriculture, - la dette extérieure, - l’emploi, - le cadre de vie (électricité, eau, téléphone, logement), - les comptes nationaux. Elle est composée pour l’essentiel d’un ensemble d’indicateurs économiques et sociaux qui couvrent une période de plus de vingt ans. En effet, les informations sont disponibles dans la plupart des cas depuis 1970. Elle comporte plus de 2000 séries chronologiques réparties dans les différents thèmes évoqués. Avec le Tableau de Bord de la Situation sociale du Sénégal (TBSS), ils forment les principaux éléments du système d’information sur lequel repose l’observatoire complet que l’ANSD en collaboration avec les partenaires au développement envisage de mettre en place. Cet observatoire intégrerait et harmoniserait différentes sources de données à la pauvreté, aux conditions de vie des ménages et au développement humain. Elle est complétée par des métadonnées correspondant en quelque sorte à un recueil des fiches explicatives des différents indicateurs présentés dans la BADIS.
vlaobkb;;;;;;;Taux d'électrification national du Sénégal. C'est le rapport entre le nombre de ménage électrifiés et le nombre total de ménage
vmyjffe;;;;;;;
vogdbhd;;;;;;;Indicateur clé de l'activité économique d'un pays et mesurant la richesse créée par la production de biens et de services(en valeur courante et en milliards de FCFA) Le produit intérieur brut (PIB) trimestriel est calculé selon l’approche production par la méthode en 2 étapes : (i) étalonnage-calage ou lissage de la production annuelle à partir des indicateurs trimestriels et (ii) lissage des consommations intermédiaires. Il est évalué en volumes chaînés ramenés à l’année de référence 2014, année de base des comptes nationaux annuels selon le SCN 2008. Par la suite, ces données sont corrigées des variations saisonnières dues à des facteurs comme la survenance de la période hivernale. Ensuite, le produit intérieur brut (PIB) trimestriel est calculé selon l’approche de la dépense par la méthode de l’étalonnage-calage des emplois (Consommation finale, Formation brute de capital fixe, exportations et importations) et le poste« variation des stocks et acquisitions moins cessions d’objets de valeur » a servi à réconcilier les approches production et emplois du PIB.
vpfmkre;;;;;;;Ce jeu de données montre la répartition par nationalité des arrivées des bateaux de croisière au Port de Dakar
vpmoly;;;;;;;La série des données et la nomenclature ont été revues suite à un changement d’année de base (2016 à 2022)
vqfgeff;;;;;;;Données publiées dans la Banque de données des indicateurs sociaux (BADIS, 2018). Il s'agit des dépenses de fonctionnement du budget général de l'Etat (Hors service de la dette) de la santé publique
vsujopd;;;;;;;
vtklhjc;;;;;;;La Banque de Données des Indicateurs Sociaux (BADIS) constitue un instrument important dans le dispositif actuel du système d’informations statistiques du pays. C’est l’un des rares outils, pour ne pas dire le seul, à disposer de données de sources administratives permettant une analyse longitudinale sur différents secteurs tels que : - l’éducation, - la santé, - la population, - les prix, - l’agriculture, - la dette extérieure, - l’emploi, - le cadre de vie (électricité, eau, téléphone, logement), - les comptes nationaux. Elle est composée pour l’essentiel d’un ensemble d’indicateurs économiques et sociaux qui couvrent une période de plus de vingt ans. En effet, les informations sont disponibles dans la plupart des cas depuis 1970. Elle comporte plus de 2000 séries chronologiques réparties dans les différents thèmes évoqués. Avec le Tableau de Bord de la Situation sociale du Sénégal (TBSS), ils forment les principaux éléments du système d’information sur lequel repose l’observatoire complet que l’ANSD en collaboration avec les partenaires au développement envisage de mettre en place. Cet observatoire intégrerait et harmoniserait différentes sources de données à la pauvreté, aux conditions de vie des ménages et au développement humain. Elle est complétée par des métadonnées correspondant en quelque sorte à un recueil des fiches explicatives des différents indicateurs présentés dans la BADIS.
vuubzif;;;;;;;Ces données sont issues de la Note sur les comptes régionaux qui est une publication qui fait la synthèse de l’activité économique régionale, mesurée notamment par le PIB régional (PIBR). Ce dernier est calculé en partant d’un regroupement des branches de la Nomenclature d’Activités des États Membres d’AFRISTAT (NAEMA rev.2). Il est évalué en valeur aux prix courants et en volumes chainés (avec l’année de référence 2014, année de base également des comptes nationaux annuels selon le SCN 2008). L’approche utilisée est celle de la production. Cependant, la répartition régionale de la consommation finale est également évaluée.
vwhpbjb;;;;;;;
vxnhlab;;;;;;;
vyadqbb;Achèvement scolaire;Achèvement scolaire : Rapport exprimé en pourcentage entre le nombre total d’élèves ayant achevé la dernière année d’un cycle d'enseignement et la population d’enfants ayant l’âge théorique de fréquenter ce cycle. - Taux de promotion : Proportion d’élèves ayant terminé avec succès une année d’étude et passant en année supérieure. - Taux de redoublement : Proportion d’élèves inscrits dans une année d’étude donnée au cours d’une année scolaire qui restent dans la même classe de l’année scolaire suivante. - Taux d'abandon : Proportion des élèves inscrits dans une classe donnée au cours d’une année scolaire qui quittent le système scolaire au cours de l’année académique suivante;Source administrative;"Recensement scolaire annuel (RSA);RGPH";Achèvement scolaire : (Nombre d'élèves nouvellement inscrits à la dernière année du cycle / Population ayant l'âge théorique de fin de cycle) × 100 - Taux de promotion : (Nombre total d’élèves promus à l’année d’études n+1 de l’année t+1 /Nombre total d’élèves de l’année d’études g à l’année t)×100. - Taux de redoublement : (Nombre d’élèves redoublant de l’année d’études n au cours de l’année scolaire t+1/Nombre total d’élèves de l’année d’études n de l’année t)×100 - Taux d'abandon : 100-(Taux de promotion + taux de redoublement);Les valeurs de 2016 à 2022 ont été recalculées à partir des projections rétropolées de population de l'ANSD issues du RGPH-5. Pour la période 2023-2025, données produites avec les nouvelles projections démographiques de l'ANSD;
vybgmqe;Résultats d'apprentissage;Taux de réussite au BAC : Proportion d’élèves qui obtiennent le baccalauréat, par rapport aux inscrits ayant passé les épreuves de l’examen - Taux de réussite au BFEM : Proportion d’élèves qui obtiennent le Brevet de Fin d'Etudes Moyennes, par rapport aux inscrits ayant passé les épreuves de l’examen - Taux de réussite au CFEE : Proportion d’élèves qui obtiennent le Certificat de Fin d'étude Élémentaire, par rapport aux inscrits ayant passé les épreuves de l’examen -Taux de réussite aux examens professionnels : Pourcentage de candidats admis aux examens de certification de la Formation professionnelle et technique par rapport au nombre total de candidats ayant effectivement composé;Source administrative;Recensement scolaire annuel (RSA);Taux de réussite au BAC : (Nombre d'admis au BAC / Nombre de candidats ayant composé) × 100 Taux de réussite au BFEM : (Nombre d'admis au BFEM / Nombre de candidats ayant composé) × 100 Taux de réussite au CFEE : (Nombre d'admis au CFEE / Nombre de candidats ayant composé) × 100 Taux de réussite aux examens professionnels : (Nombre de candidats admis / Nombre de candidats ayant composé) × 100;;
waiojyc;;;;;;;C’est la distribution de la population carcérale à la date T selon la catégorie pénale (détenus condamnés et provisoires), le sexe (détenus hommes et femmes) et l’âge (détenus mineurs). Sources : rapport d’activités et statistiques de la Direction de l’Administration pénitentiaire.
waxhld;;;;;;;TAUX DE CROISSANCE ANNUELS DES VOLUMES ET DES PRIX DES AGREGATS DE LA NATION. Jusqu’en 2014, le Sénégal publiait des comptes nationaux de base 1999, suivant le Système de Comptabilité Nationale de 1993 (SCN93). 2014 est la nouvelle année de base des comptes nationaux.
wdvdnub;Vaccination des enfants;"Taux de Couverture vaccinale des enfants de 12 à 23 mois : Le taux de couverture vaccinale des enfants de 12 à 23 mois est la proportion d’enfants âgés de 12 à 23 mois ayant reçu un vaccin (selon le type de vaccin) , parmi la population cible de cette même tranche d’âge. Proportion d’enfants de 12 à 23 mois complètement vaccinés conformément au calendrier national : La proportion d’enfants de 12 à 23 mois complètement vaccinés conformément au calendrier national est la part des enfants de cette tranche d’âge ayant reçu dans les délais prévus par le calendrier vaccinal national du Programme Élargi de Vaccination (PEV), l'ensemble des doses de vaccins recommandées pour son âge, à savoir : Une dose de vaccin BCG contre la tuberculose; trois doses de vaccin antipoliomyélitique; trois doses du vaccin associé pentavalent ou DTC-HepB-Hib contre la diphtérie, la coqueluche, le tétanos, l’hépatite B et l’haemophilus influenzae; une dose de vaccin contre la rougeole est administrée sous forme rougeole/rubéole (RR) ou rougeole/oreillons/rubéole (ROR)";Enquête;Enquêtes Démographiques et de Santé Continue EDS-C 2016-2019, et EDS-Continue 2023;Taux de Couverture vaccinale des enfants de 12 à 23 mois : (Nombre d'enfants âgés de 12 à 23 mois vaccinés /Nombre d'enfants âgés de 12 à 23 mois )x100 Proportion d’enfants de 12 à 23 mois complètement vaccinés conformément au calendrier national : (Nombre d'enfants de 12-23 mois ayant reçu toutes les doses du calendrier PEV dans les délais prévus / Nombre total d'enfants de 12-23 mois enquêtés) × 100;;
wezncje;;;;;;;Ces données issues de tableaux sur les indicateurs macroéconomiques, le produit intérieur brut et ses emplois ainsi que sur les agrégats par produit. Les informations sont données aux prix courants et en volume aux prix chainés (base 100 = 2014) pour les trois dernières années.
wgpraxe;;;;;;;Approvisionnement énergétique par produit du Sénégal
wgxuudb;;;;;;;L’Agence Nationale de la Statistique et de la Démographie (ANSD) met à votre disposition cette note d’analyse trimestrielle de l’Enquête sur l’Emploi, la Rémunération et les Heures de travail (EERH). Elle permet de dresser une gamme d’indicateurs trimestriels sur l’offre d’emploi salarié, la rémunération brute des employés, les heures travaillées auprès des entreprises du secteur formel, en l’occurrence celles évoluant dans l’industrie, la construction, le commerce et les services. Toutefois, ces indicateurs ne prennent pas en compte les employés de l’administration publique. Voir les rapports de l'Enquête EERH
whkisxc;;;;;;;Ce jeu de données montre les arrivées de non-résidents par nationalité et par mois
wkrkkpb;;;;;;;GUS: Il est un corps de troupe déconcentré de secours spécialisés et chargé sur l’ensemble du territoire national d’appuyer et de soutenir les Groupements d’Incendie et de Secours lors des interventions nécessitant l’engagement des équipes spécialisées de Sapeurs-Pompiers.
wpwbyw;;;;;;;
wqcjwqb;;;;;;;
wrqfsxb;Captures halieutiques;Pêche artisanale : Selon FAO, la pêche artisanale également connu sous le nom de pêche à petite échelle est définie comme étant une activité traditionnelle impliquant les ménages des pêcheurs avec une faible capital et énergie, des navires de pêche relativement petit, effectuant de courtes sorties de pêche près des rivages, etc. Pêche continentale : La pêche continentale par capture est une collecte d'organismes aquatiques (surtout des poissons mais aussi de grands crustacés : langouste, homard, crabe araignée, etc.) dans des eaux continentales à l'état naturel ou aménagées. Aquaculture : L'aquaculture est l'ensemble des activités de culture de plantes et d'élevage d'animaux en eau continentale ou marine en vue d'en améliorer la production, impliquant la possession individuelle ou juridique du stock en élevage;Source administrative;Enregistrements Ministère en charge de la pêche;Somme des quantités débarquées par les pirogues actives;;
wygigqd;Production et vente d'eau en zone rurale;La quantité d'eau produite et vendue en milieu rural;Source administrative;Enregistrements Office des Forage ruraux (OFOR);Les groupes de consommateurs sont les ménages, le secteur public et les grands consommateurs, notamment les entrerpises industrielles, commerciales, et les autres consommateurs à forte consommation d'eau en milieu rural. Au-delà de ces catégories, l'OFOR prend en compte les activités maraîchères et d'élevage;;
xbuzmyf;Dépenses d'éducation;Personnel : Dépenses consacrées au traitement, salaires, indemnités et cotisations sociales des personnels enseignants et non-enseignants du secteur de l'éducation. Biens et services : Dépenses courantes destinées à l'achat de fournitures, d'équipements courants, d'entretien et de fonctionnement des structures éducatives. - Transferts courants : Allocations, bourses d'études, subventions aux établissements d'enseignement publics et privés et aides financières accordées aux étudiants et élèves. Investissements : Dépenses d'équipement et de construction d'infrastructures éducatives réalisées directement par l'État (écoles, universités, laboratoires, etc.). - Transferts Capital : Transferts de fonds publics destinés au financement des investissements des agences, universités autonomes et collectivités territoriales dans le secteur éducation. - Total des dépenses courantes du secteur : Ensemble des charges récurrentes engagées pour le fonctionnement du système éducatif (Personnel + Biens & Services + Transferts courants). - Dépenses publiques d'éducation en % des dépenses totales du Gouvernement hors service de la dette : Proportion du budget général de l'État (hors remboursement du principal et des intérêts de la dette) consacrée à l'éducation. - Personnel en % Dépense pour l’éducation : Part des dépenses de personnel (salaires et traitements) par rapport au budget total alloué à l'éducation. - Autres dépenses courantes en % Dépense pour l’éducation : Part des dépenses de fonctionnement hors salaires (Biens & Services et - Transferts courants) dans le budget global de l'éducation. - Investissements en % des Dépense pour l’éducation : Proportion des dépenses en capital (Investissements + Transferts Capital) par rapport au total du budget de l'éducation. - Dépenses publiques d'éducation en % du PIB : Proportion de la richesse nationale (Produit Intérieur Brut) consacrée par l'État au financement de l'éducation;Source administrative;Enregistrement Ministère en charge de l'enseignement l'éducation;Personnel : Somme des dépenses de personnel du secteur Éducation Biens et services : Somme des dépenses d'Achat de biens et services du secteur Éducation Transferts courants : Somme des dépenses de Transferts courants du secteur Éducation Investissements : Somme des dépenses de capital exécutées directement par l'État dans le secteur Éducation Transferts Capital : Somme des subventions de capital allouées aux entités du secteur Éducation Total des dépenses courantes du secteur : Personnel + Biens et services + Transferts courants Dépenses publiques d'éducation en % des dépenses totales du Gouvernement hors service de la dette : (Dépenses publiques d'éducation / (Dépenses totales de l'État - Service de la dette)) * 100 Personnel en % Dépense pour l’éducation : (Dépenses de personnel / Total des dépenses publiques d'éducation) * 100 Autres dépenses courantes en % Dépense pour l’éducation : ((Biens et services + Transferts courants) / Total des dépenses publiques d'éducation) * 100 Investissements en % des Dépense pour l’éducation : ((Investissements + Transferts Capital) / Total des dépenses publiques d'éducation) * 100 Dépenses publiques d'éducation en % du PIB : (Dépenses publiques totales d'éducation / Produit Intérieur Brut nominal) * 100;;
xdacef;;;;;;;
xfgtfjb;;;;;;;
xhrubyg;;;;;;;
xlzisyg;;;;;;;
xmobtrb;;;;;;;"Ce jeux de données indique le nombre de personnes ainsi que la proportion de personnes en situation d'insécurité alimentaire modérée ou sévère (phase 2 à 5) selon l'outil Cadre Harmonisé (CH) d'identification et d'analyse des populations en insécurité alimentaire et nutritionnelle. Cet outil (CH) est partagé par les 17 pays du CILSS et se tient aux mois de mars et novembre de chaque année et les résultats obtenus à l'issu de l'atelier d'analyse, sont consensuelle et validés par l'ensemble des acteurs de de la sécurité alimentaire (structures de l'Etat et les partenaires au développement). La méthodologie d'analyse du Cadre Harmonisé considère cinq phases de la sécurité alimentaire : 1.Sécurité alimentaire (phase 1) : Les ménages sont capables de couvrir leurs besoins essentiels alimentaires et non alimentaires sans s'engager dans des stratégies atypiques ou non durables pour accéder à de la nourriture et à des revenus 2.Sous-pression (phase 2) : Les ménages ont une consommation alimentaire minimalement adéquate mais ne peuvent pas assumer certaines dépenses non-alimentaires sans s'engager dans des stratégies d'adaptation de stress. 3. Crise (phase 3) : Les ménages : • ont des déficits de consommation alimentaire reflétés par une malnutrition aiguë élevée ou supérieure aux niveaux habituels; ou • parviennent à couvrir leurs besoins alimentaires essentiels de façon marginale mais seulement en se départissant de leurs avoirs de moyens d'existence majeurs ou en employant des stratégies d'adaptation de crise. 4.Urgence (phase 4) : Les ménages: • ont d'importants déficits de consommation alimentaire reflétés par une malnutrition aiguë très élevée et une mortalité excessive, ou • sont en mesure de réduire l'importance des déficits alimentaires mais uniquement en utilisant des stratégies d'adaptation d'urgence et en liquidant leurs avoirs. 5. Catastrophe ou Famine (phase 5) : Les ménages manquent énormément de nourriture et/ou de quoi subvenir à leurs autres besoins de base malgré une utilisation maximale des stratégies d'adaptation. Des niveaux d'inanition, de décès, de dénuement et de malnutrition aiguë critiques sont évidents. (Pour être classée en phase Famine, une zone doit avoir des niveaux de malnutrition aiguë et de mortalité extrêmement critiques) Définition du Cadre Harmonisé : Le Cadre Harmonisé est un outil fédérateur qui permet de faire une analyse pertinente consensuelle, rigoureuse et transparente de la situation alimentaire et nutritionnelle courante et projetée. Il permet de classifier la sévérité de l’insécurité alimentaire et nutritionnelle suivant l’échelle internationale de classification à travers une approche référant à des fonctions et des protocoles bien définis. Les résultats du CH sont communiqués de manière claire, cohérente et effective en vue d’appuyer la prise de décision en liant l’information à l’action. Cet outil (CH) est partagé par les 17 pays du CILSS et se tient aux mois de mars et novembre de chaque année et les résultats obtenus à l'issu de l'atelier d'analyse, sont consensuelle et validés par l'ensemble des acteurs de de la sécurité alimentaire (structures de l'Etat et les partenaires au développement)."
xmusklf;Indicateurs de peuplement des logements;Il s'agit des données sur le nombre de personnes dans les ménages;Enquête;Enquête démographiques et de Santé (EDS);Rapport entre la taille du ménage et le nombre total de pièces occupées est : >= 0.5 et = 1.5 et = 2.5 et = 3.5 et = 4.5;La série est obtenue principalement à partir des données EDS (2016, 2017, 2019, 2020 et 2023). Elle est complétée par l'enquête harmonisée sur les conditions de vie des ménages (2018 et 2021). L'indicateur est calculé de la même manière car les cuisines, salles de bains, corridors, balcons dans les pièces occupées ne sont pas inclus dans le champs des pièces habitables;
xmvgohb;;;;;;;Ce jeu de données montre les nuitées des non-résidents par nationalité et par pôle touristique
xncfyyf;Prélèvements effectués sur les ressources ligneuses;La récolte de bois est une activité essentielle dans les secteurs de la foresterie et de l'exploitation forestière. Elle implique l'abattage, la collecte et le traitement du bois pour diverses utilisations, telles que la production de bois d'œuvre, de bois de chauffage, ou de produits dérivés;Source administrative;;Les ressources ligneuses comprennent plusieurs types de bois et produits dérivés Bois d’œuvre : Utilisé principalement dans la construction et la fabrication de meubles. Charbon de bois : Principal combustible pour la cuisine dans les zones rurales et urbaines. Bois d'artisanat : Utilisé par les artisans pour créer des objets divers et des meubles. Panneaux de crinting : Utilisés pour construire des clôtures et des enclos. Tiges de bambou : Utilisées dans la construction légère et l'artisanat. Bois de chauffe : Source principale d'énergie pour la cuisson et le chauffage domestique. Ces ressources sont exploitées de manière réglementée pour éviter la déforestation et assurer la durabilité des forêts sénégalaises Au Sénégal, la campagne d’exploitation forestière est toujours organisée par un arrêté. Il définit les conditions d’exploitation, de dépôt et de circulation des produits, indique les régions ouvertes à l’exploitation, fixe les possibilités et les quotas par région selon le type de produit, répartit le quota par organismes ou sociétés en ce qui concerne le bois d’œuvre et le bois d’artisanat à usage de sculpture et fixe les possibilités des Zones aménagées en production de charbon;;
xouhbsd;;;;;;;Nombre d'accidents par classe de route
xpfflmg;;;;;;;La Banque de Données des Indicateurs Sociaux (BADIS) constitue un instrument important dans le dispositif actuel du système d’informations statistiques du pays. C’est l’un des rares outils, pour ne pas dire le seul, à disposer de données de sources administratives permettant une analyse longitudinale sur différents secteurs tels que : - l’éducation, - la santé, - la population, - les prix, - l’agriculture, - la dette extérieure, - l’emploi, - le cadre de vie (électricité, eau, téléphone, logement), - les comptes nationaux. Elle est composée pour l’essentiel d’un ensemble d’indicateurs économiques et sociaux qui couvrent une période de plus de vingt ans. En effet, les informations sont disponibles dans la plupart des cas depuis 1970. Elle comporte plus de 2000 séries chronologiques réparties dans les différents thèmes évoqués. Avec le Tableau de Bord de la Situation sociale du Sénégal (TBSS), ils forment les principaux éléments du système d’information sur lequel repose l’observatoire complet que l’ANSD en collaboration avec les partenaires au développement envisage de mettre en place. Cet observatoire intégrerait et harmoniserait différentes sources de données à la pauvreté, aux conditions de vie des ménages et au développement humain. Elle est complétée par des métadonnées correspondant en quelque sorte à un recueil des fiches explicatives des différents indicateurs présentés dans la BADIS.
xpywxi;;;;;;;La Banque de Données des Indicateurs Sociaux (BADIS) constitue un instrument important dans le dispositif actuel du système d’informations statistiques du pays. C’est l’un des rares outils, pour ne pas dire le seul, à disposer de données de sources administratives permettant une analyse longitudinale sur différents secteurs tels que : - l’éducation, - la santé, - la population, - les prix, - l’agriculture, - la dette extérieure, - l’emploi, - le cadre de vie (électricité, eau, téléphone, logement), - les comptes nationaux. Elle est composée pour l’essentiel d’un ensemble d’indicateurs économiques et sociaux qui couvrent une période de plus de vingt ans. En effet, les informations sont disponibles dans la plupart des cas depuis 1970. Elle comporte plus de 2000 séries chronologiques réparties dans les différents thèmes évoqués. Avec le Tableau de Bord de la Situation sociale du Sénégal (TBSS), ils forment les principaux éléments du système d’information sur lequel repose l’observatoire complet que l’ANSD en collaboration avec les partenaires au développement envisage de mettre en place. Cet observatoire intégrerait et harmoniserait différentes sources de données à la pauvreté, aux conditions de vie des ménages et au développement humain. Elle est complétée par des métadonnées correspondant en quelque sorte à un recueil des fiches explicatives des différents indicateurs présentés dans la BADIS.
xrcdkzb;;;;;;;
xsdpmvc;;;;;;;Évolution trimestrielle de la répartition des abonnés par types d'accès de juin 2020 au juin 2021 (en Kilo Octet).
xsitdae;;;;;;;"Ces données, issues des enquêtes EDS, contiennent les indicateurs suivants : Enfants souffrant d'un retard de croissance : Pourcentage d'enfants souffrant d'un retard de croissance (en dessous de -2 ET de taille pour âge d'après les normes de l'OMS) ; dénominateur : Enfants de moins de cinq ansEnfants souffrant d'un grave retard de croissance : Pourcentage d'enfants souffrant d'un retard de croissance grave (en dessous de -3 ET de taille pour âge d'après les normes de l'OMS) ; dénominateur : Enfants de moins de cinq ansEnfants souffrant d'insuffisance pondérale : Pourcentage d'enfants souffrant d'insuffisance pondérale (en dessous de -2 ET de poids pour âge d'après les normes de l'OMS)Enfants souffrant d'insuffisance pondérale grave : Pourcentage d'enfants souffrant d'insuffisance pondérale grave (en dessous de -3 ET de poids pour âge d'après les normes de l'OMS)Enfants souffrant d'émaciation : Pourcentage d'enfants souffrant d'émaciation (en dessous de -2 ET de poids pour taille d'après les normes de l'OMS)Enfants souffrant d'émaciation grave : Pourcentage d'enfants souffrant d'émaciation grave (en dessous de -3 ET de poids pour taille d'après les normes de l'OMS)Enfants en surpoids : Pourcentage d'enfants en surpoids (au-dessus de +2 ET de poids pour taille d'après les normes de l'OMS)"
xtpnxmb;;;;;;;Données issues des Enquêtes EDS et des annuaires statistiques sanitaires du Sénégal. Direction de la Planification, de la Recherche et des Statistiques Enfants testés pour l'anémie Pourcentage d'enfants âgés de 6 à 59 mois testés pour l'anémie Enfants souffrant d'un grave retard de croissance Pourcentage d'enfants souffrant d'un retard de croissance grave (en dessous de -3 ET de taille pour âge d'après les normes de l'OMS) Enfants souffrant d'un retard de croissance Pourcentage d'enfants souffrant d'un retard de croissance (en dessous de -2 ET de taille pour âge d'après les normes de l'OMS) Taille moyenne en fonction de l'âge de l'enfant Taille moyenne en fonction de l'âge Z-score pour les enfants selon les normes de l'OMS Enfants souffrant d'un grave retard de croissance Pourcentage d'enfants souffrant d'un retard de croissance grave (en dessous de -3 ET de taille pour âge d'après les normes de l'OMS) Enfants souffrant d'un retard de croissance Pourcentage d'enfants souffrant d'un retard de croissance (en dessous de -2 ET de taille pour âge d'après les normes de l'OMS) Taille moyenne en fonction de l'âge de l'enfant Taille moyenne en fonction de l'âge Z-score pour les enfants selon les normes de l'OMS Enfants souffrant d'émaciation grave Pourcentage d'enfants souffrant d'émaciation grave (en dessous de -3 ET de poids pour taille d'après les normes de l'OMS) Enfants souffrant d'émaciation Pourcentage d'enfants souffrant d'émaciation (en dessous de -2 ET de poids pour taille d'après les normes de l'OMS) Enfants en surpoids Pourcentage d'enfants en surpoids (au-dessus de +2 ET de poids pour taille d'après les normes de l'OMS) Poids moyen en fonction de l'âge de l'enfant Poids moyen en fonction de l'âge Z-score pour les enfants selon les normes de l'OMS Enfants souffrant d'insuffisance pondérale grave Pourcentage d'enfants souffrant d'insuffisance pondérale grave (en dessous de -3 ET de poids pour âge d'après les normes de l'OMS) Enfants souffrant d'insuffisance pondérale Pourcentage d'enfants souffrant d'insuffisance pondérale (en dessous de -2 ET de poids pour âge d'après les normes de l'OMS) Enfants en surpoids pour leur âge Pourcentage d'enfants en surpoids pour leur âge (au-dessus de +2 ET de poids pour âge d'après les normes de l'OMS) Poids moyen en fonction de la taille de l'enfant Poids moyen en fonction de la taille Z-score pour les enfants selon les normes de l'OMS
xunftec;;;;;;;
xydngkb;;;;;;;La Banque de Données des Indicateurs Sociaux (BADIS) constitue un instrument important dans le dispositif actuel du système d’informations statistiques du pays. C’est l’un des rares outils, pour ne pas dire le seul, à disposer de données de sources administratives permettant une analyse longitudinale sur différents secteurs tels que : - l’éducation, - la santé, - la population, - les prix, - l’agriculture, - la dette extérieure, - l’emploi, - le cadre de vie (électricité, eau, téléphone, logement), - les comptes nationaux. Elle est composée pour l’essentiel d’un ensemble d’indicateurs économiques et sociaux qui couvrent une période de plus de vingt ans. En effet, les informations sont disponibles dans la plupart des cas depuis 1970. Elle comporte plus de 2000 séries chronologiques réparties dans les différents thèmes évoqués. Avec le Tableau de Bord de la Situation sociale du Sénégal (TBSS), ils forment les principaux éléments du système d’information sur lequel repose l’observatoire complet que l’ANSD en collaboration avec les partenaires au développement envisage de mettre en place. Cet observatoire intégrerait et harmoniserait différentes sources de données à la pauvreté, aux conditions de vie des ménages et au développement humain. Elle est complétée par des métadonnées correspondant en quelque sorte à un recueil des fiches explicatives des différents indicateurs présentés dans la BADIS.
xznvfjg;;;;;;;
yanadm;Nombre de lits dans les hôpitaux et centres de santé;Le nombre de lits dans les hôpitaux et centres de santé est un indicateur de capacité du système de santé qui mesure le nombre total de lits disponibles dans les établissements hospitaliers ou sanitaires pour l'hospitalisation des patients, à une date donnée. C'est un indicateur de stock, il reflète la capacité d'accueil du système de soins;source administrative;Collecte administrative des données auprès des établissements de santé;Dénombrement;Les données relatives au nombre de lits d'hôpital pour les années 2023 et 2024 sont provisoires et en cours de validation par le MSHP;
ygxusdg;;;;;;;
ykwfqkb;;;;;;;
ylkrnzc;;;;;;;"La présente note mensuelle, issue de la rénovation (base 100 en 2014) des Indices des Valeurs Unitaires du commerce extérieur, fait ressortir le niveau et l’évolution des indices de valeurs unitaires (I.V.U) des marchandises échangées entre le Sénégal et le reste du monde. La valeur unitaire est obtenue en rapportant la valeur de la marchandise à son volume. Exprimée en francs CFA par kg, elle traduit le prix par unité de masse. Ces indices sont de type Laspeyres. La marchandise est valorisée CAF (Coût Assurance Fret) à l’importation et FAB (Franco A Bord) à l’exportation. Ces indices rénovés (Base 100 en 2014) font suite aux indices produits et publiés (Base 100 en 2005) depuis janvier 2010. La nomenclature des produits est celle du Système Harmonisé (SH) de désignation et de codification des marchandises à quatre digits (SH4). Cette dernière est une agrégation de produits élémentaires à 10 digits (SH10). L’innovation apportée à cette rénovation a trait : (i) à l’association des produits SH4 à leurs pays d’origine ou à leur pays de destination respectivement pour les importations et les exportations (SH4Pays) ; (ii) au calcul des indices élémentaires (SH4Pays) ; (iii) au calcul des indices par Section de la nomenclature du Système Harmonisé. A cet égard, l’échantillon pour chaque flux, est constitué de produits associés à leurs pays d’origine et à leurs pays de destination (SH4Pays). Le produit (SH4) associé au pays partenaire atténue la fluctuation des valeurs unitaires observées entre deux mois au regard de la structure des produits élémentaires qui le composent. Afin de dégager la tendance fondamentale des prix aux échanges extérieurs, un indice sous-jacent est calculé à côté d’un indice des produits volatiles qui, lui, rend compte de l’évolution des produits aux fortes variations des prix unitaires. Les données de base utilisées, principalement issues des statistiques douanières, sont relatives au commerce général."
ynkeeud;;;;;;;Ces valeurs tutelaires ont été calculées dans le cadre de l'études sur la situation de référence La valeur du temps représente le montant qu’un usager des transports est prêt à payer pour réduire son temps de trajet. La méthode de valorisation du carbone adoptée correspond à la méthode « shadow price » utilisée pour évaluer les GES dans le cadre des analyses économiques des projets d’investissement et de financement de la IBRD (Banque internationale pour la reconstruction et le développement) et de l’IDA (Association internationale de développement).
ypryiqc;;;;;;;Ce jeu de données présente des informations sur les caractéristiques socio-démographiques des chefs de ménages agricoles pratiquant l’agriculture sous pluie. Les indicateurs sont générés à partir des données collectées de l'Enquête Agricole Annuelle (EAA). L’enquête agricole est une opération statistique dont l’objectif général est d’estimer le niveau des principales productions agricoles des exploitations agricoles de type familial. Elle permet également de fournir des informations sur des caractéristiques physiques des parcelles cultivées (géo localisation, superficie) et des investissements majeurs réalisés à leur niveau (intrants agricoles, opérations culturales, gestion et restauration des sols) ainsi que sur les caractéristiques des membres des ménages. Pour en savoir plus: Métadonnées
ypsbbcg;;;;;;;
yqmatbg;;;;;;;Données publiées dans la Banque de données des indicateurs sociaux (BADIS, 2018)
yqnihge;;;;;;;
yrzztrb;Mariage d'enfants (filles);Jeunes femmes de 20 à 24 ans en première union avant d'atteindre l'âge exact de 15 ans : Pourcentage de jeunes femmes de 20 à 24 ans en première union avant d'atteindre l'âge exact de 15 ans - Jeunes femmes de 20 à 24 ans en première union avant d'atteindre l'âge exact de 18 ans : Pourcentage de jeunes femmes de 20 à 24 ans en première union avant d'atteindre l'âge exact de 18 ans;Enquête;Enquête démographique et de Santé (EDS);Le nombre total de femmes âgées entre 20 et 24 ans et mariées avant l'âge exact de 15 ans divisé par le nombre de femmes de 20-24 ans mariées. Le résultat est multiplié par 100. - Le nombre total de femmes âgées entre 20 et 24 ans et mariées avant l'âge exact de 18 ans divisé par le nombre de femmes de 20-24 ans mariées. Le résultat est multiplié par 100;"Les données sont produites annuellement sur la période ; 2014 ; 2015 ; 2016 ; 2017 ; 2018 ; 2019 et de manière isolée les années 1987 ; 1992;1997 ; 2005 ;2010 ; 2012 et 2023";
zctvxac;;;;;;;Ce jeu de données présente les informations sur les superficies, la production et le rendement des principales cultures des ménages pratiquant l’agriculture sous pluie, l’horticulture ou l’élevage. Les données sur base annuelle sont disponibles pour la période 2017 à 2025. Les informations sont également ventilées par région, département et par culture. Les valeurs sont compilées à partir des données collectées de l’Enquête Agricole Annuelle et des données provenant des sociétés d’encadrement comme la SAED (société d’aménagement et d’exploitation des terres du delta du fleuve Sénégal et des vallées du fleuve) et la société de développement agricole et industriel du Sénégal (SODAGRI). L’enquête agricole annuelle (EAA) est une opération statistique annuelle dont l’objectif général est d’estimer le niveau des principales productions agricoles des exploitations agricoles de type familial. Elle permet également de fournir des informations sur des caractéristiques physiques des parcelles cultivées (géo localisation, superficie) et des investissements majeurs réalisés à leur niveau (intrants agricoles, opérations culturales, gestion et restauration des sols). L’EAA suit une approche modulaire qui lui permet de prendre en compte des dimensions économiques et environnementales des exploitations agricoles (niveau d’équipement agricole, revenu agricole, risques agricoles et stratégies d’adaptation, etc.) selon un plan rotatif pluriannuel. Pour en savoir plus sur les métadonnées.
zdlhaxc;Indice Harmonisé des Prix à la Consommation (IHPC);L'IHPC sert à mesurer l’évolution des prix à la consommation à l’échelle nationale, avec une base de 100 en 2023;Donnée intégrée;Collecte traditionnelle : Les prix sont collectés mensuellement auprès de 5 413 points de vente répartis sur l'ensemble du territoire, représentant 26 855 relevés par mois. Ces points de vente couvrent l'ensemble des circuits de distribution fréquentés par les ménages : marchés traditionnels, boutiques, magasins spécialisés, supermarchés, sociétés de services publics et privés ainsi que les ménages. Sources administratives : Les tarifs (publics, réglementés, barémisés) sont relevés auprès des organismes compétents. Ils sont clairement définis, évoluent à dates précises et font l’objet d’un contrôle mensuel de modification et de validité. Intégration de nouvelles sources de données: Web Scrapping;La méthodologie de calcul est harmonisée dans les huit Etats membres de l’UEMOA. Indices élémentaires : L'IHPC base 2023 adopte l'indice de Jevons chaîné en remplacement de l'indice de Dutot utilisé dans la base précédente. L'indice de Jevons, fondé sur la moyenne géométrique des rapports de prix, est plus adapté à la prise en compte des comportements de substitution des consommateurs. Il est recommandé par les nouvelles directives internationales. Indices Synthétiques (agrégats supérieurs) : Les indices de Young remplacent les indices de type Laspeyres pour le calcul des agrégats supérieurs. Lorsque les données de pondération disponibles se réfèrent à une période antérieure à la période de référence des prix et fournissent une estimation raisonnable de la structure de consommation, l'indice de Young est plus adapté que l'indice de Laspeyres. Les Pondérations utilisées sont issues de l’Enquête Harmonisée sur les Conditions de Vie des Ménages (EHCVM 2021-2022);1-Le Sénégal a officiellement basculé en Janvier 2025, remplaçant IHPC base 2014 par IHPC base 2023 (les indices d’avant janvier 2025 sont raccordés à la nouvelle base 2023). 2- Nomenclature : La classification du panier adopte la COICOP 2018, qui porte le nombre de divisions de 12 à 13 par rapport à la base précédente (IHPC Base 2014). Cette harmonisation renforce la comparabilité internationale. Une nomenclature secondaire d'origine communautaire est introduite. Elle constitue un niveau supplémentaire de désagrégation harmonisé entre les États membres de l'UEMOA, permettant des analyses comparatives plus fines au sein de la zone. 3- Passage de 5 à 6 zones de collecte : La zone Ouest, qui regroupait jusqu'alors les régions de Dakar et Thiès, a été scindée en deux zones distinctes compte tenu du poids démographique et économique de ces agglomérations. Thiès constitue ainsi la 6ème zone de collecte introduite lors de la rénovation;
zdwdaxg;;;;;;;La Banque de Données des Indicateurs Sociaux (BADIS) constitue un instrument important dans le dispositif actuel du système d’informations statistiques du pays. C’est l’un des rares outils, pour ne pas dire le seul, à disposer de données de sources administratives permettant une analyse longitudinale sur différents secteurs tels que : - l’éducation, - la santé, - la population, - les prix, - l’agriculture, - la dette extérieure, - l’emploi, - le cadre de vie (électricité, eau, téléphone, logement), - les comptes nationaux. Elle est composée pour l’essentiel d’un ensemble d’indicateurs économiques et sociaux qui couvrent une période de plus de vingt ans. En effet, les informations sont disponibles dans la plupart des cas depuis 1970. Elle comporte plus de 2000 séries chronologiques réparties dans les différents thèmes évoqués. Avec le Tableau de Bord de la Situation sociale du Sénégal (TBSS), ils forment les principaux éléments du système d’information sur lequel repose l’observatoire complet que l’ANSD en collaboration avec les partenaires au développement envisage de mettre en place. Cet observatoire intégrerait et harmoniserait différentes sources de données à la pauvreté, aux conditions de vie des ménages et au développement humain. Elle est complétée par des métadonnées correspondant en quelque sorte à un recueil des fiches explicatives des différents indicateurs présentés dans la BADIS.
zepqymf;;;;;;;La Banque de Données des Indicateurs Sociaux (BADIS) constitue un instrument important dans le dispositif actuel du système d’informations statistiques du pays. C’est l’un des rares outils, pour ne pas dire le seul, à disposer de données de sources administratives permettant une analyse longitudinale sur différents secteurs tels que : - l’éducation, - la santé, - la population, - les prix, - l’agriculture, - la dette extérieure, - l’emploi, - le cadre de vie (électricité, eau, téléphone, logement), - les comptes nationaux. Elle est composée pour l’essentiel d’un ensemble d’indicateurs économiques et sociaux qui couvrent une période de plus de vingt ans. En effet, les informations sont disponibles dans la plupart des cas depuis 1970. Elle comporte plus de 2000 séries chronologiques réparties dans les différents thèmes évoqués. Avec le Tableau de Bord de la Situation sociale du Sénégal (TBSS), ils forment les principaux éléments du système d’information sur lequel repose l’observatoire complet que l’ANSD en collaboration avec les partenaires au développement envisage de mettre en place. Cet observatoire intégrerait et harmoniserait différentes sources de données à la pauvreté, aux conditions de vie des ménages et au développement humain. Elle est complétée par des métadonnées correspondant en quelque sorte à un recueil des fiches explicatives des différents indicateurs présentés dans la BADIS.
zfghwk;;;;;;;Transformation artisanale
zfqjatg;;;;;;;Nombre d'accidents sur les routes suivant la zone (rurale, urbaine)
zmnyfvd;;;;;;;CONTRIBUTIONS A LA CROISSANCE DU PIB. Jusqu’en 2014, le Sénégal publiait des comptes nationaux de base 1999, suivant le Système de Comptabilité Nationale de 1993 (SCN93). 2014 est la nouvelle année de base des comptes nationaux.
zogbhye;;;;;;;Evolution du Taux d'Achévement par régions
zqvwrce;Production de produits horticoles;L’horticulture regroupe les activités de production maraîchère, les activités de production fruitière (arboriculture fruitière) et les activités de production de fleurs et de plantes ornementales;Enquête;;;;
zswrkac;;;;;;;"Ce jeu de données renseigne sur la proportion de ménages ayant consommé au moins cinq (5) groupes d'aliments au cours de 24 heures précédant le passage de l'agent enquêteur, dans le département. L'indicateur ""score de diversité alimentaire"" permet de connaitre le niveau de diversification de la consommation alimentaire du ménages suivant le nombre de groupes d'aliments sur douze (12), consommé. Ainsi, les ménages qui ont eu à consommer moins de cinq groupes d'aliments ont une diversité alimentaire qualifiée de ""faible ou modérée"". Donc plus la proportion est élevée, plus les ménages de ce département ont une diversité alimentaire ""pauvre ou modérée"". Cet indicateur est une catégorie de l'indicateur ""score de diversité alimentaire du ménage"" encore appelé HDDS ou SDAM est un indicateur utilisé pour mesurer la diversité alimentaire représentée par le nombre d’aliments ou groupe d’aliments consommés pendant une période de référence de 24 heures. C’est une mesure proxy de l’accès des ménages à une alimentation variée / diversifiée. L'indicateur HDDS (SDAM) prend en compte douze (12) groupes d'aliments : 1. Céréales 2. Tubercules 3. Légumineuses 4. Légumes 5. Fruits 6. Viandes 7. Poissons 8. Œufs 9. Produits laitiers 10. Huiles 11. Sucre 12. Condiments Ainsi, chaque ménage a un score compris entre 0 et 12 selon les groupes d'aliments consommés lors des 24 heures ayant précédé le passage de l'agent enquêteur."
zuyutx;;;;;;;Importation de produits halieutiques par pays d'origine
zvhduse;;;;;;;Véhicules répartis par région d'immatriculation
zxtmqqg;;;;;;;Débarquements de la pêche artisanale (en milliers de tonnes)
zzlincd;;;;;;;
